search_idx,iteration,mean_test_score,std_test_score,mean_train_score,std_train_score,params,mlp1_activation,mlp1_alpha,mlp1_hidden_layers,mlp1_learning_rate,mlp1_learning_rate_init,mlp1_max_iter,mlp2_activation,mlp2_alpha,mlp2_hidden_layers,mlp2_learning_rate,mlp2_learning_rate_init,mlp2_max_iter,mlp3_activation,mlp3_alpha,mlp3_hidden_layers,mlp3_learning_rate,mlp3_learning_rate_init,mlp3_max_iter
0,0,0.4512369625247148,0.0405751033641628,1.0,0.0,"{'mlp1_activation': 'tanh', 'mlp1_alpha': np.float64(0.09867420831138822), 'mlp1_hidden_layers': (50, 200), 'mlp1_learning_rate': 'constant', 'mlp1_learning_rate_init': np.float64(0.010320870314853839), 'mlp1_max_iter': 359, 'mlp2_activation': 'logistic', 'mlp2_alpha': np.float64(0.024136664982754602), 'mlp2_hidden_layers': (25,), 'mlp2_learning_rate': 'invscaling', 'mlp2_learning_rate_init': np.float64(0.01980744921273145), 'mlp2_max_iter': 456, 'mlp3_activation': 'tanh', 'mlp3_alpha': np.float64(0.0430860678114952), 'mlp3_hidden_layers': (25, 200), 'mlp3_learning_rate': 'adaptive', 'mlp3_learning_rate_init': np.float64(0.09596941644628053), 'mlp3_max_iter': 119}",tanh,0.09867420831138822,"(50, 200)",constant,0.010320870314853839,359,logistic,0.024136664982754602,"(25,)",invscaling,0.01980744921273145,456,tanh,0.0430860678114952,"(25, 200)",adaptive,0.09596941644628053,119
0,1,0.42746073553799635,0.04908238272491679,1.0,0.0,"{'mlp1_activation': 'relu', 'mlp1_alpha': np.float64(0.08632810010354551), 'mlp1_hidden_layers': (100,), 'mlp1_learning_rate': 'constant', 'mlp1_learning_rate_init': np.float64(0.011227860321672991), 'mlp1_max_iter': 210, 'mlp2_activation': 'tanh', 'mlp2_alpha': np.float64(0.09080542151813159), 'mlp2_hidden_layers': (75, 75, 75), 'mlp2_learning_rate': 'constant', 'mlp2_learning_rate_init': np.float64(0.09831701973396037), 'mlp2_max_iter': 338, 'mlp3_activation': 'relu', 'mlp3_alpha': np.float64(0.04482265221931324), 'mlp3_hidden_layers': (150, 75), 'mlp3_learning_rate': 'invscaling', 'mlp3_learning_rate_init': np.float64(0.062216503786917704), 'mlp3_max_iter': 367}",relu,0.08632810010354551,"(100,)",constant,0.011227860321672991,210,tanh,0.09080542151813159,"(75, 75, 75)",constant,0.09831701973396037,338,relu,0.04482265221931324,"(150, 75)",invscaling,0.062216503786917704,367
0,2,0.4269016492390369,0.09491171828838199,1.0,0.0,"{'mlp1_activation': 'relu', 'mlp1_alpha': np.float64(0.04671279022652169), 'mlp1_hidden_layers': (25, 50, 25), 'mlp1_learning_rate': 'invscaling', 'mlp1_learning_rate_init': np.float64(0.08736556414621736), 'mlp1_max_iter': 485, 'mlp2_activation': 'relu', 'mlp2_alpha': np.float64(0.033227640510445584), 'mlp2_hidden_layers': (50, 25, 25), 'mlp2_learning_rate': 'invscaling', 'mlp2_learning_rate_init': np.float64(0.04800523453951854), 'mlp2_max_iter': 412, 'mlp3_activation': 'logistic', 'mlp3_alpha': np.float64(0.032696962355275985), 'mlp3_hidden_layers': (25,), 'mlp3_learning_rate': 'constant', 'mlp3_learning_rate_init': np.float64(0.07359090942005748), 'mlp3_max_iter': 375}",relu,0.04671279022652169,"(25, 50, 25)",invscaling,0.08736556414621736,485,relu,0.033227640510445584,"(50, 25, 25)",invscaling,0.04800523453951854,412,logistic,0.032696962355275985,"(25,)",constant,0.07359090942005748,375
0,3,0.45333914749055826,0.03254278899749866,1.0,0.0,"{'mlp1_activation': 'logistic', 'mlp1_alpha': np.float64(0.05042878542729298), 'mlp1_hidden_layers': (100, 100), 'mlp1_learning_rate': 'invscaling', 'mlp1_learning_rate_init': np.float64(0.08967940572795766), 'mlp1_max_iter': 455, 'mlp2_activation': 'relu', 'mlp2_alpha': np.float64(0.037545005299068915), 'mlp2_hidden_layers': (100, 50, 25), 'mlp2_learning_rate': 'adaptive', 'mlp2_learning_rate_init': np.float64(0.016935316119170665), 'mlp2_max_iter': 189, 'mlp3_activation': 'relu', 'mlp3_alpha': np.float64(0.1052873465156365), 'mlp3_hidden_layers': (100, 50), 'mlp3_learning_rate': 'invscaling', 'mlp3_learning_rate_init': np.float64(0.018721214369714446), 'mlp3_max_iter': 219}",logistic,0.05042878542729298,"(100, 100)",invscaling,0.08967940572795766,455,relu,0.037545005299068915,"(100, 50, 25)",adaptive,0.016935316119170665,189,relu,0.1052873465156365,"(100, 50)",invscaling,0.018721214369714446,219
0,4,0.46463574982231703,0.0805128817435492,1.0,0.0,"{'mlp1_activation': 'logistic', 'mlp1_alpha': np.float64(0.0804412448386035), 'mlp1_hidden_layers': (200, 100), 'mlp1_learning_rate': 'invscaling', 'mlp1_learning_rate_init': np.float64(0.03418645955622193), 'mlp1_max_iter': 480, 'mlp2_activation': 'relu', 'mlp2_alpha': np.float64(0.0279971427660932), 'mlp2_hidden_layers': (25, 200), 'mlp2_learning_rate': 'constant', 'mlp2_learning_rate_init': np.float64(0.09586942889726789), 'mlp2_max_iter': 123, 'mlp3_activation': 'logistic', 'mlp3_alpha': np.float64(0.025162150649071048), 'mlp3_hidden_layers': (50, 200), 'mlp3_learning_rate': 'adaptive', 'mlp3_learning_rate_init': np.float64(0.01170535960157594), 'mlp3_max_iter': 345}",logistic,0.0804412448386035,"(200, 100)",invscaling,0.03418645955622193,480,relu,0.0279971427660932,"(25, 200)",constant,0.09586942889726789,123,logistic,0.025162150649071048,"(50, 200)",adaptive,0.01170535960157594,345
1,0,0.47813036278789706,0.07522574304267973,1.0,0.0,"{'mlp1_activation': 'tanh', 'mlp1_alpha': np.float64(0.028544475299518923), 'mlp1_hidden_layers': (25, 25, 50), 'mlp1_learning_rate': 'invscaling', 'mlp1_learning_rate_init': np.float64(0.0861165048256458), 'mlp1_max_iter': 189, 'mlp2_activation': 'logistic', 'mlp2_alpha': np.float64(0.04636199578189786), 'mlp2_hidden_layers': (50, 50, 50), 'mlp2_learning_rate': 'constant', 'mlp2_learning_rate_init': np.float64(0.10992182445938806), 'mlp2_max_iter': 387, 'mlp3_activation': 'logistic', 'mlp3_alpha': np.float64(0.10917144448347801), 'mlp3_hidden_layers': (150, 75), 'mlp3_learning_rate': 'invscaling', 'mlp3_learning_rate_init': np.float64(0.04673280450739832), 'mlp3_max_iter': 357}",tanh,0.028544475299518923,"(25, 25, 50)",invscaling,0.0861165048256458,189,logistic,0.04636199578189786,"(50, 50, 50)",constant,0.10992182445938806,387,logistic,0.10917144448347801,"(150, 75)",invscaling,0.04673280450739832,357
1,1,0.45894106854195693,0.051077577330788604,1.0,0.0,"{'mlp1_activation': 'logistic', 'mlp1_alpha': np.float64(0.04350169281330253), 'mlp1_hidden_layers': (50, 100, 50), 'mlp1_learning_rate': 'invscaling', 'mlp1_learning_rate_init': np.float64(0.10771077988355986), 'mlp1_max_iter': 201, 'mlp2_activation': 'tanh', 'mlp2_alpha': np.float64(0.042799581423390035), 'mlp2_hidden_layers': (100, 100), 'mlp2_learning_rate': 'invscaling', 'mlp2_learning_rate_init': np.float64(0.08338136861864787), 'mlp2_max_iter': 438, 'mlp3_activation': 'logistic', 'mlp3_alpha': np.float64(0.05972839991459667), 'mlp3_hidden_layers': (25, 25), 'mlp3_learning_rate': 'constant', 'mlp3_learning_rate_init': np.float64(0.012794088515133542), 'mlp3_max_iter': 105}",logistic,0.04350169281330253,"(50, 100, 50)",invscaling,0.10771077988355986,201,tanh,0.042799581423390035,"(100, 100)",invscaling,0.08338136861864787,438,logistic,0.05972839991459667,"(25, 25)",constant,0.012794088515133542,105
1,2,0.4632567413025159,0.03912243571829408,1.0,0.0,"{'mlp1_activation': 'tanh', 'mlp1_alpha': np.float64(0.09914648264256724), 'mlp1_hidden_layers': (200, 100), 'mlp1_learning_rate': 'invscaling', 'mlp1_learning_rate_init': np.float64(0.0907674025968452), 'mlp1_max_iter': 124, 'mlp2_activation': 'tanh', 'mlp2_alpha': np.float64(0.06583466490750484), 'mlp2_hidden_layers': (150, 75), 'mlp2_learning_rate': 'constant', 'mlp2_learning_rate_init': np.float64(0.05203497190075234), 'mlp2_max_iter': 465, 'mlp3_activation': 'tanh', 'mlp3_alpha': np.float64(0.05930902617520027), 'mlp3_hidden_layers': (100, 50), 'mlp3_learning_rate': 'adaptive', 'mlp3_learning_rate_init': np.float64(0.04765943403176523), 'mlp3_max_iter': 225}",tanh,0.09914648264256724,"(200, 100)",invscaling,0.0907674025968452,124,tanh,0.06583466490750484,"(150, 75)",constant,0.05203497190075234,465,tanh,0.05930902617520027,"(100, 50)",adaptive,0.04765943403176523,225
1,3,0.4424497157071784,0.026394388285003425,1.0,0.0,"{'mlp1_activation': 'tanh', 'mlp1_alpha': np.float64(0.060957460150395486), 'mlp1_hidden_layers': (50, 100), 'mlp1_learning_rate': 'invscaling', 'mlp1_learning_rate_init': np.float64(0.05987167823287621), 'mlp1_max_iter': 209, 'mlp2_activation': 'logistic', 'mlp2_alpha': np.float64(0.08637960933385451), 'mlp2_hidden_layers': (100, 50, 25), 'mlp2_learning_rate': 'invscaling', 'mlp2_learning_rate_init': np.float64(0.08383755427665715), 'mlp2_max_iter': 485, 'mlp3_activation': 'tanh', 'mlp3_alpha': np.float64(0.08679257018541926), 'mlp3_hidden_layers': (150, 25), 'mlp3_learning_rate': 'constant', 'mlp3_learning_rate_init': np.float64(0.08843455975207613), 'mlp3_max_iter': 203}",tanh,0.060957460150395486,"(50, 100)",invscaling,0.05987167823287621,209,logistic,0.08637960933385451,"(100, 50, 25)",invscaling,0.08383755427665715,485,tanh,0.08679257018541926,"(150, 25)",constant,0.08843455975207613,203
1,4,0.446038910987408,0.08850375445443205,1.0,0.0,"{'mlp1_activation': 'relu', 'mlp1_alpha': np.float64(0.030300367792375875), 'mlp1_hidden_layers': (50, 100, 50), 'mlp1_learning_rate': 'invscaling', 'mlp1_learning_rate_init': np.float64(0.029817270481259463), 'mlp1_max_iter': 129, 'mlp2_activation': 'logistic', 'mlp2_alpha': np.float64(0.0762863030421464), 'mlp2_hidden_layers': (150, 150), 'mlp2_learning_rate': 'adaptive', 'mlp2_learning_rate_init': np.float64(0.058324619614999525), 'mlp2_max_iter': 330, 'mlp3_activation': 'relu', 'mlp3_alpha': np.float64(0.04129102400483375), 'mlp3_hidden_layers': (25, 25), 'mlp3_learning_rate': 'invscaling', 'mlp3_learning_rate_init': np.float64(0.046686205067260685), 'mlp3_max_iter': 381}",relu,0.030300367792375875,"(50, 100, 50)",invscaling,0.029817270481259463,129,logistic,0.0762863030421464,"(150, 150)",adaptive,0.058324619614999525,330,relu,0.04129102400483375,"(25, 25)",invscaling,0.046686205067260685,381
2,0,0.46458389094378666,0.06485765158769047,1.0,0.0,"{'mlp1_activation': 'tanh', 'mlp1_alpha': np.float64(0.02184769211511102), 'mlp1_hidden_layers': (75,), 'mlp1_learning_rate': 'invscaling', 'mlp1_learning_rate_init': np.float64(0.06818117962763116), 'mlp1_max_iter': 452, 'mlp2_activation': 'relu', 'mlp2_alpha': np.float64(0.10436580510291764), 'mlp2_hidden_layers': (150, 75), 'mlp2_learning_rate': 'constant', 'mlp2_learning_rate_init': np.float64(0.06432018874904581), 'mlp2_max_iter': 163, 'mlp3_activation': 'relu', 'mlp3_alpha': np.float64(0.07351417479155772), 'mlp3_hidden_layers': (25, 25, 50), 'mlp3_learning_rate': 'invscaling', 'mlp3_learning_rate_init': np.float64(0.06743060626675638), 'mlp3_max_iter': 463}",tanh,0.02184769211511102,"(75,)",invscaling,0.06818117962763116,452,relu,0.10436580510291764,"(150, 75)",constant,0.06432018874904581,163,relu,0.07351417479155772,"(25, 25, 50)",invscaling,0.06743060626675638,463
2,1,0.490315582754841,0.060976370795702416,1.0,0.0,"{'mlp1_activation': 'tanh', 'mlp1_alpha': np.float64(0.09657634455803303), 'mlp1_hidden_layers': (150, 75), 'mlp1_learning_rate': 'adaptive', 'mlp1_learning_rate_init': np.float64(0.03813590404362924), 'mlp1_max_iter': 353, 'mlp2_activation': 'logistic', 'mlp2_alpha': np.float64(0.09319033629710362), 'mlp2_hidden_layers': (75, 50), 'mlp2_learning_rate': 'constant', 'mlp2_learning_rate_init': np.float64(0.027425432172725556), 'mlp2_max_iter': 126, 'mlp3_activation': 'logistic', 'mlp3_alpha': np.float64(0.09943477660324604), 'mlp3_hidden_layers': (200, 50), 'mlp3_learning_rate': 'constant', 'mlp3_learning_rate_init': np.float64(0.09146403127326923), 'mlp3_max_iter': 490}",tanh,0.09657634455803303,"(150, 75)",adaptive,0.03813590404362924,353,logistic,0.09319033629710362,"(75, 50)",constant,0.027425432172725556,126,logistic,0.09943477660324604,"(200, 50)",constant,0.09146403127326923,490
2,2,0.4560796398048841,0.06339291802057802,1.0,0.0,"{'mlp1_activation': 'tanh', 'mlp1_alpha': np.float64(0.08435790672479865), 'mlp1_hidden_layers': (100, 75, 50), 'mlp1_learning_rate': 'adaptive', 'mlp1_learning_rate_init': np.float64(0.0932547648531967), 'mlp1_max_iter': 334, 'mlp2_activation': 'relu', 'mlp2_alpha': np.float64(0.05487269978991996), 'mlp2_hidden_layers': (150,), 'mlp2_learning_rate': 'adaptive', 'mlp2_learning_rate_init': np.float64(0.07468232802005514), 'mlp2_max_iter': 124, 'mlp3_activation': 'tanh', 'mlp3_alpha': np.float64(0.07236492381376916), 'mlp3_hidden_layers': (100, 50), 'mlp3_learning_rate': 'adaptive', 'mlp3_learning_rate_init': np.float64(0.05221461474468929), 'mlp3_max_iter': 272}",tanh,0.08435790672479865,"(100, 75, 50)",adaptive,0.0932547648531967,334,relu,0.05487269978991996,"(150,)",adaptive,0.07468232802005514,124,tanh,0.07236492381376916,"(100, 50)",adaptive,0.05221461474468929,272
2,3,0.4599645997425246,0.04315602412625333,1.0,0.0,"{'mlp1_activation': 'logistic', 'mlp1_alpha': np.float64(0.04896863380714022), 'mlp1_hidden_layers': (25,), 'mlp1_learning_rate': 'constant', 'mlp1_learning_rate_init': np.float64(0.010905333767008455), 'mlp1_max_iter': 326, 'mlp2_activation': 'tanh', 'mlp2_alpha': np.float64(0.05707314282949502), 'mlp2_hidden_layers': (100, 150), 'mlp2_learning_rate': 'adaptive', 'mlp2_learning_rate_init': np.float64(0.026531029332542137), 'mlp2_max_iter': 191, 'mlp3_activation': 'relu', 'mlp3_alpha': np.float64(0.058705204181454244), 'mlp3_hidden_layers': (75, 75, 75), 'mlp3_learning_rate': 'adaptive', 'mlp3_learning_rate_init': np.float64(0.03155508106297396), 'mlp3_max_iter': 313}",logistic,0.04896863380714022,"(25,)",constant,0.010905333767008455,326,tanh,0.05707314282949502,"(100, 150)",adaptive,0.026531029332542137,191,relu,0.058705204181454244,"(75, 75, 75)",adaptive,0.03155508106297396,313
2,4,0.4508151921068865,0.07571740954661252,1.0,0.0,"{'mlp1_activation': 'tanh', 'mlp1_alpha': np.float64(0.04121393732783812), 'mlp1_hidden_layers': (100, 50), 'mlp1_learning_rate': 'invscaling', 'mlp1_learning_rate_init': np.float64(0.015751977200940938), 'mlp1_max_iter': 338, 'mlp2_activation': 'logistic', 'mlp2_alpha': np.float64(0.04019632618431427), 'mlp2_hidden_layers': (25, 25, 50), 'mlp2_learning_rate': 'adaptive', 'mlp2_learning_rate_init': np.float64(0.10495012733322755), 'mlp2_max_iter': 149, 'mlp3_activation': 'tanh', 'mlp3_alpha': np.float64(0.033952497066801104), 'mlp3_hidden_layers': (150, 25), 'mlp3_learning_rate': 'invscaling', 'mlp3_learning_rate_init': np.float64(0.06533677761726418), 'mlp3_max_iter': 108}",tanh,0.04121393732783812,"(100, 50)",invscaling,0.015751977200940938,338,logistic,0.04019632618431427,"(25, 25, 50)",adaptive,0.10495012733322755,149,tanh,0.033952497066801104,"(150, 25)",invscaling,0.06533677761726418,108
3,0,0.4477244620437574,0.059300534399864144,1.0,0.0,"{'mlp1_activation': 'tanh', 'mlp1_alpha': np.float64(0.046864209018743025), 'mlp1_hidden_layers': (50, 50), 'mlp1_learning_rate': 'invscaling', 'mlp1_learning_rate_init': np.float64(0.025706354755319155), 'mlp1_max_iter': 318, 'mlp2_activation': 'relu', 'mlp2_alpha': np.float64(0.029018284930433874), 'mlp2_hidden_layers': (100, 25), 'mlp2_learning_rate': 'invscaling', 'mlp2_learning_rate_init': np.float64(0.07991551194271573), 'mlp2_max_iter': 347, 'mlp3_activation': 'logistic', 'mlp3_alpha': np.float64(0.08819797703198158), 'mlp3_hidden_layers': (100,), 'mlp3_learning_rate': 'invscaling', 'mlp3_learning_rate_init': np.float64(0.09240709106539097), 'mlp3_max_iter': 104}",tanh,0.046864209018743025,"(50, 50)",invscaling,0.025706354755319155,318,relu,0.029018284930433874,"(100, 25)",invscaling,0.07991551194271573,347,logistic,0.08819797703198158,"(100,)",invscaling,0.09240709106539097,104
3,1,0.44600760741605816,0.04664867195401081,1.0,0.0,"{'mlp1_activation': 'tanh', 'mlp1_alpha': np.float64(0.058354600584180266), 'mlp1_hidden_layers': (200, 100), 'mlp1_learning_rate': 'adaptive', 'mlp1_learning_rate_init': np.float64(0.05767393917729686), 'mlp1_max_iter': 493, 'mlp2_activation': 'relu', 'mlp2_alpha': np.float64(0.10915296285976392), 'mlp2_hidden_layers': (150, 75), 'mlp2_learning_rate': 'constant', 'mlp2_learning_rate_init': np.float64(0.07205162152205367), 'mlp2_max_iter': 103, 'mlp3_activation': 'tanh', 'mlp3_alpha': np.float64(0.08548520204314047), 'mlp3_hidden_layers': (75, 75, 75), 'mlp3_learning_rate': 'constant', 'mlp3_learning_rate_init': np.float64(0.06315375424319451), 'mlp3_max_iter': 352}",tanh,0.058354600584180266,"(200, 100)",adaptive,0.05767393917729686,493,relu,0.10915296285976392,"(150, 75)",constant,0.07205162152205367,103,tanh,0.08548520204314047,"(75, 75, 75)",constant,0.06315375424319451,352
3,2,0.4613012442003449,0.05646646033200564,1.0,0.0,"{'mlp1_activation': 'logistic', 'mlp1_alpha': np.float64(0.10131645025581124), 'mlp1_hidden_layers': (200, 100), 'mlp1_learning_rate': 'adaptive', 'mlp1_learning_rate_init': np.float64(0.10264128515951469), 'mlp1_max_iter': 311, 'mlp2_activation': 'tanh', 'mlp2_alpha': np.float64(0.03182825550480905), 'mlp2_hidden_layers': (100, 100, 50), 'mlp2_learning_rate': 'invscaling', 'mlp2_learning_rate_init': np.float64(0.01132468927137388), 'mlp2_max_iter': 265, 'mlp3_activation': 'tanh', 'mlp3_alpha': np.float64(0.10351894043337899), 'mlp3_hidden_layers': (100,), 'mlp3_learning_rate': 'constant', 'mlp3_learning_rate_init': np.float64(0.08419936427572053), 'mlp3_max_iter': 465}",logistic,0.10131645025581124,"(200, 100)",adaptive,0.10264128515951469,311,tanh,0.03182825550480905,"(100, 100, 50)",invscaling,0.01132468927137388,265,tanh,0.10351894043337899,"(100,)",constant,0.08419936427572053,465
3,3,0.4285576923076923,0.05666358472881439,1.0,0.0,"{'mlp1_activation': 'tanh', 'mlp1_alpha': np.float64(0.013286865834043584), 'mlp1_hidden_layers': (150, 50), 'mlp1_learning_rate': 'constant', 'mlp1_learning_rate_init': np.float64(0.017445179809525084), 'mlp1_max_iter': 416, 'mlp2_activation': 'tanh', 'mlp2_alpha': np.float64(0.09374250156716811), 'mlp2_hidden_layers': (150, 75), 'mlp2_learning_rate': 'invscaling', 'mlp2_learning_rate_init': np.float64(0.03707065772885946), 'mlp2_max_iter': 234, 'mlp3_activation': 'relu', 'mlp3_alpha': np.float64(0.03801695189364708), 'mlp3_hidden_layers': (200, 100), 'mlp3_learning_rate': 'invscaling', 'mlp3_learning_rate_init': np.float64(0.04330004911777758), 'mlp3_max_iter': 376}",tanh,0.013286865834043584,"(150, 50)",constant,0.017445179809525084,416,tanh,0.09374250156716811,"(150, 75)",invscaling,0.03707065772885946,234,relu,0.03801695189364708,"(200, 100)",invscaling,0.04330004911777758,376
3,4,0.4424444714287601,0.04317856877420227,1.0,0.0,"{'mlp1_activation': 'logistic', 'mlp1_alpha': np.float64(0.011020552997917469), 'mlp1_hidden_layers': (25, 25), 'mlp1_learning_rate': 'adaptive', 'mlp1_learning_rate_init': np.float64(0.10511877647872585), 'mlp1_max_iter': 242, 'mlp2_activation': 'logistic', 'mlp2_alpha': np.float64(0.016904192165253032), 'mlp2_hidden_layers': (50, 100), 'mlp2_learning_rate': 'constant', 'mlp2_learning_rate_init': np.float64(0.04954229645863419), 'mlp2_max_iter': 441, 'mlp3_activation': 'relu', 'mlp3_alpha': np.float64(0.05979445590541451), 'mlp3_hidden_layers': (150, 25), 'mlp3_learning_rate': 'constant', 'mlp3_learning_rate_init': np.float64(0.018132953108991524), 'mlp3_max_iter': 210}",logistic,0.011020552997917469,"(25, 25)",adaptive,0.10511877647872585,242,logistic,0.016904192165253032,"(50, 100)",constant,0.04954229645863419,441,relu,0.05979445590541451,"(150, 25)",constant,0.018132953108991524,210
4,0,0.4486756231018526,0.07880467362568225,1.0,0.0,"{'mlp1_activation': 'relu', 'mlp1_alpha': np.float64(0.08229924221439733), 'mlp1_hidden_layers': (150, 25), 'mlp1_learning_rate': 'invscaling', 'mlp1_learning_rate_init': np.float64(0.09191543193799971), 'mlp1_max_iter': 462, 'mlp2_activation': 'relu', 'mlp2_alpha': np.float64(0.08081267035177611), 'mlp2_hidden_layers': (50, 50), 'mlp2_learning_rate': 'constant', 'mlp2_learning_rate_init': np.float64(0.011988763561046892), 'mlp2_max_iter': 460, 'mlp3_activation': 'relu', 'mlp3_alpha': np.float64(0.09068123540507032), 'mlp3_hidden_layers': (100, 50), 'mlp3_learning_rate': 'constant', 'mlp3_learning_rate_init': np.float64(0.024265458298784518), 'mlp3_max_iter': 293}",relu,0.08229924221439733,"(150, 25)",invscaling,0.09191543193799971,462,relu,0.08081267035177611,"(50, 50)",constant,0.011988763561046892,460,relu,0.09068123540507032,"(100, 50)",constant,0.024265458298784518,293
4,1,0.46545650127739685,0.033307418215126124,1.0,0.0,"{'mlp1_activation': 'logistic', 'mlp1_alpha': np.float64(0.05951770094732203), 'mlp1_hidden_layers': (50,), 'mlp1_learning_rate': 'adaptive', 'mlp1_learning_rate_init': np.float64(0.0952505847689326), 'mlp1_max_iter': 405, 'mlp2_activation': 'tanh', 'mlp2_alpha': np.float64(0.04204976789068042), 'mlp2_hidden_layers': (25, 200), 'mlp2_learning_rate': 'invscaling', 'mlp2_learning_rate_init': np.float64(0.07399651512567912), 'mlp2_max_iter': 473, 'mlp3_activation': 'logistic', 'mlp3_alpha': np.float64(0.036534403641191794), 'mlp3_hidden_layers': (150, 50), 'mlp3_learning_rate': 'invscaling', 'mlp3_learning_rate_init': np.float64(0.09781993694932664), 'mlp3_max_iter': 329}",logistic,0.05951770094732203,"(50,)",adaptive,0.0952505847689326,405,tanh,0.04204976789068042,"(25, 200)",invscaling,0.07399651512567912,473,logistic,0.036534403641191794,"(150, 50)",invscaling,0.09781993694932664,329
4,2,0.44982998117279693,0.04047010906385933,1.0,0.0,"{'mlp1_activation': 'logistic', 'mlp1_alpha': np.float64(0.1030527620409817), 'mlp1_hidden_layers': (25, 25), 'mlp1_learning_rate': 'constant', 'mlp1_learning_rate_init': np.float64(0.019233999611885225), 'mlp1_max_iter': 160, 'mlp2_activation': 'relu', 'mlp2_alpha': np.float64(0.09635147184255871), 'mlp2_hidden_layers': (100, 50), 'mlp2_learning_rate': 'constant', 'mlp2_learning_rate_init': np.float64(0.06592984666742373), 'mlp2_max_iter': 421, 'mlp3_activation': 'tanh', 'mlp3_alpha': np.float64(0.05579362731484602), 'mlp3_hidden_layers': (25, 25, 25), 'mlp3_learning_rate': 'adaptive', 'mlp3_learning_rate_init': np.float64(0.06817375782086106), 'mlp3_max_iter': 435}",logistic,0.1030527620409817,"(25, 25)",constant,0.019233999611885225,160,relu,0.09635147184255871,"(100, 50)",constant,0.06592984666742373,421,tanh,0.05579362731484602,"(25, 25, 25)",adaptive,0.06817375782086106,435
4,3,0.4909082420847127,0.07637595007989272,1.0,0.0,"{'mlp1_activation': 'tanh', 'mlp1_alpha': np.float64(0.021133635702542987), 'mlp1_hidden_layers': (75, 75, 75), 'mlp1_learning_rate': 'constant', 'mlp1_learning_rate_init': np.float64(0.01202459509133336), 'mlp1_max_iter': 374, 'mlp2_activation': 'logistic', 'mlp2_alpha': np.float64(0.08144155139202865), 'mlp2_hidden_layers': (200, 100), 'mlp2_learning_rate': 'constant', 'mlp2_learning_rate_init': np.float64(0.06899549460434883), 'mlp2_max_iter': 158, 'mlp3_activation': 'relu', 'mlp3_alpha': np.float64(0.03131625223632087), 'mlp3_hidden_layers': (200, 100), 'mlp3_learning_rate': 'invscaling', 'mlp3_learning_rate_init': np.float64(0.08309337943343559), 'mlp3_max_iter': 191}",tanh,0.021133635702542987,"(75, 75, 75)",constant,0.01202459509133336,374,logistic,0.08144155139202865,"(200, 100)",constant,0.06899549460434883,158,relu,0.03131625223632087,"(200, 100)",invscaling,0.08309337943343559,191
4,4,0.47372531129469886,0.07580372467623293,1.0,0.0,"{'mlp1_activation': 'logistic', 'mlp1_alpha': np.float64(0.10490543136047223), 'mlp1_hidden_layers': (200, 100), 'mlp1_learning_rate': 'invscaling', 'mlp1_learning_rate_init': np.float64(0.047017476553679174), 'mlp1_max_iter': 144, 'mlp2_activation': 'logistic', 'mlp2_alpha': np.float64(0.032397262280846044), 'mlp2_hidden_layers': (100, 100, 50), 'mlp2_learning_rate': 'constant', 'mlp2_learning_rate_init': np.float64(0.014180030854758233), 'mlp2_max_iter': 249, 'mlp3_activation': 'tanh', 'mlp3_alpha': np.float64(0.03356613654678789), 'mlp3_hidden_layers': (100,), 'mlp3_learning_rate': 'adaptive', 'mlp3_learning_rate_init': np.float64(0.06527538015997073), 'mlp3_max_iter': 422}",logistic,0.10490543136047223,"(200, 100)",invscaling,0.047017476553679174,144,logistic,0.032397262280846044,"(100, 100, 50)",constant,0.014180030854758233,249,tanh,0.03356613654678789,"(100,)",adaptive,0.06527538015997073,422
5,0,0.4428478485459692,0.04807681495216547,1.0,0.0,"{'mlp1_activation': 'relu', 'mlp1_alpha': np.float64(0.012750227935396232), 'mlp1_hidden_layers': (150, 75), 'mlp1_learning_rate': 'constant', 'mlp1_learning_rate_init': np.float64(0.057485538647241416), 'mlp1_max_iter': 356, 'mlp2_activation': 'relu', 'mlp2_alpha': np.float64(0.08799763924228643), 'mlp2_hidden_layers': (100,), 'mlp2_learning_rate': 'adaptive', 'mlp2_learning_rate_init': np.float64(0.08883570498725323), 'mlp2_max_iter': 363, 'mlp3_activation': 'logistic', 'mlp3_alpha': np.float64(0.02654968311042051), 'mlp3_hidden_layers': (150, 75), 'mlp3_learning_rate': 'constant', 'mlp3_learning_rate_init': np.float64(0.10438877871949251), 'mlp3_max_iter': 237}",relu,0.012750227935396232,"(150, 75)",constant,0.057485538647241416,356,relu,0.08799763924228643,"(100,)",adaptive,0.08883570498725323,363,logistic,0.02654968311042051,"(150, 75)",constant,0.10438877871949251,237
5,1,0.4975061411958892,0.06834824546865699,1.0,0.0,"{'mlp1_activation': 'tanh', 'mlp1_alpha': np.float64(0.06869470783959654), 'mlp1_hidden_layers': (75, 50), 'mlp1_learning_rate': 'invscaling', 'mlp1_learning_rate_init': np.float64(0.027784595116793313), 'mlp1_max_iter': 416, 'mlp2_activation': 'logistic', 'mlp2_alpha': np.float64(0.04063213800244288), 'mlp2_hidden_layers': (100, 50), 'mlp2_learning_rate': 'constant', 'mlp2_learning_rate_init': np.float64(0.06471428528567054), 'mlp2_max_iter': 394, 'mlp3_activation': 'relu', 'mlp3_alpha': np.float64(0.0468970896398856), 'mlp3_hidden_layers': (100,), 'mlp3_learning_rate': 'adaptive', 'mlp3_learning_rate_init': np.float64(0.07224946619910949), 'mlp3_max_iter': 486}",tanh,0.06869470783959654,"(75, 50)",invscaling,0.027784595116793313,416,logistic,0.04063213800244288,"(100, 50)",constant,0.06471428528567054,394,relu,0.0468970896398856,"(100,)",adaptive,0.07224946619910949,486
5,2,0.44744997214820925,0.037744487271105104,1.0,0.0,"{'mlp1_activation': 'logistic', 'mlp1_alpha': np.float64(0.05850276393885303), 'mlp1_hidden_layers': (50, 100), 'mlp1_learning_rate': 'constant', 'mlp1_learning_rate_init': np.float64(0.03258924564582506), 'mlp1_max_iter': 168, 'mlp2_activation': 'logistic', 'mlp2_alpha': np.float64(0.03250094487158836), 'mlp2_hidden_layers': (150, 50), 'mlp2_learning_rate': 'constant', 'mlp2_learning_rate_init': np.float64(0.03727461282744761), 'mlp2_max_iter': 237, 'mlp3_activation': 'relu', 'mlp3_alpha': np.float64(0.04897621932279092), 'mlp3_hidden_layers': (25, 25, 25), 'mlp3_learning_rate': 'constant', 'mlp3_learning_rate_init': np.float64(0.10907596269855878), 'mlp3_max_iter': 321}",logistic,0.05850276393885303,"(50, 100)",constant,0.03258924564582506,168,logistic,0.03250094487158836,"(150, 50)",constant,0.03727461282744761,237,relu,0.04897621932279092,"(25, 25, 25)",constant,0.10907596269855878,321
5,3,0.4552263073389834,0.029497773114132937,1.0,0.0,"{'mlp1_activation': 'logistic', 'mlp1_alpha': np.float64(0.08550377956778056), 'mlp1_hidden_layers': (25, 200), 'mlp1_learning_rate': 'adaptive', 'mlp1_learning_rate_init': np.float64(0.04956282535780205), 'mlp1_max_iter': 383, 'mlp2_activation': 'logistic', 'mlp2_alpha': np.float64(0.08242377624260605), 'mlp2_hidden_layers': (150, 75), 'mlp2_learning_rate': 'invscaling', 'mlp2_learning_rate_init': np.float64(0.013761626643246197), 'mlp2_max_iter': 285, 'mlp3_activation': 'relu', 'mlp3_alpha': np.float64(0.02677567660926892), 'mlp3_hidden_layers': (150,), 'mlp3_learning_rate': 'invscaling', 'mlp3_learning_rate_init': np.float64(0.07538369636930128), 'mlp3_max_iter': 452}",logistic,0.08550377956778056,"(25, 200)",adaptive,0.04956282535780205,383,logistic,0.08242377624260605,"(150, 75)",invscaling,0.013761626643246197,285,relu,0.02677567660926892,"(150,)",invscaling,0.07538369636930128,452
5,4,0.4475109096765226,0.09577392125067721,1.0,0.0,"{'mlp1_activation': 'relu', 'mlp1_alpha': np.float64(0.028613046316833195), 'mlp1_hidden_layers': (50, 25, 25), 'mlp1_learning_rate': 'invscaling', 'mlp1_learning_rate_init': np.float64(0.09358399825683002), 'mlp1_max_iter': 459, 'mlp2_activation': 'tanh', 'mlp2_alpha': np.float64(0.03724159300767389), 'mlp2_hidden_layers': (75, 75, 75), 'mlp2_learning_rate': 'invscaling', 'mlp2_learning_rate_init': np.float64(0.04654279333149052), 'mlp2_max_iter': 243, 'mlp3_activation': 'logistic', 'mlp3_alpha': np.float64(0.10521229064251103), 'mlp3_hidden_layers': (150,), 'mlp3_learning_rate': 'adaptive', 'mlp3_learning_rate_init': np.float64(0.10836588757785202), 'mlp3_max_iter': 424}",relu,0.028613046316833195,"(50, 25, 25)",invscaling,0.09358399825683002,459,tanh,0.03724159300767389,"(75, 75, 75)",invscaling,0.04654279333149052,243,logistic,0.10521229064251103,"(150,)",adaptive,0.10836588757785202,424
6,0,0.4523339822626,0.09195744806638355,1.0,0.0,"{'mlp1_activation': 'relu', 'mlp1_alpha': np.float64(0.082396797708218), 'mlp1_hidden_layers': (150, 50), 'mlp1_learning_rate': 'constant', 'mlp1_learning_rate_init': np.float64(0.0570370681392536), 'mlp1_max_iter': 353, 'mlp2_activation': 'logistic', 'mlp2_alpha': np.float64(0.010232518884480004), 'mlp2_hidden_layers': (150,), 'mlp2_learning_rate': 'adaptive', 'mlp2_learning_rate_init': np.float64(0.10457619729487903), 'mlp2_max_iter': 352, 'mlp3_activation': 'relu', 'mlp3_alpha': np.float64(0.025102094509990618), 'mlp3_hidden_layers': (50, 200), 'mlp3_learning_rate': 'constant', 'mlp3_learning_rate_init': np.float64(0.07739881911883488), 'mlp3_max_iter': 257}",relu,0.082396797708218,"(150, 50)",constant,0.0570370681392536,353,logistic,0.010232518884480004,"(150,)",adaptive,0.10457619729487903,352,relu,0.025102094509990618,"(50, 200)",constant,0.07739881911883488,257
6,1,0.45865173473869125,0.04760230637197466,1.0,0.0,"{'mlp1_activation': 'tanh', 'mlp1_alpha': np.float64(0.0300729892679037), 'mlp1_hidden_layers': (100, 75, 50), 'mlp1_learning_rate': 'constant', 'mlp1_learning_rate_init': np.float64(0.08331470310109927), 'mlp1_max_iter': 286, 'mlp2_activation': 'logistic', 'mlp2_alpha': np.float64(0.01889782117104593), 'mlp2_hidden_layers': (150, 25), 'mlp2_learning_rate': 'adaptive', 'mlp2_learning_rate_init': np.float64(0.056866719105216144), 'mlp2_max_iter': 159, 'mlp3_activation': 'tanh', 'mlp3_alpha': np.float64(0.034755417901772494), 'mlp3_hidden_layers': (25, 25, 25), 'mlp3_learning_rate': 'constant', 'mlp3_learning_rate_init': np.float64(0.10226791460518404), 'mlp3_max_iter': 377}",tanh,0.0300729892679037,"(100, 75, 50)",constant,0.08331470310109927,286,logistic,0.01889782117104593,"(150, 25)",adaptive,0.056866719105216144,159,tanh,0.034755417901772494,"(25, 25, 25)",constant,0.10226791460518404,377
6,2,0.4444029588621697,0.04309385856330996,1.0,0.0,"{'mlp1_activation': 'tanh', 'mlp1_alpha': np.float64(0.04385018245959731), 'mlp1_hidden_layers': (200, 50), 'mlp1_learning_rate': 'constant', 'mlp1_learning_rate_init': np.float64(0.0624759617632725), 'mlp1_max_iter': 498, 'mlp2_activation': 'logistic', 'mlp2_alpha': np.float64(0.07813182160418433), 'mlp2_hidden_layers': (200, 50), 'mlp2_learning_rate': 'constant', 'mlp2_learning_rate_init': np.float64(0.031183442493307317), 'mlp2_max_iter': 450, 'mlp3_activation': 'relu', 'mlp3_alpha': np.float64(0.022009369990526634), 'mlp3_hidden_layers': (100, 100), 'mlp3_learning_rate': 'invscaling', 'mlp3_learning_rate_init': np.float64(0.10528839144368038), 'mlp3_max_iter': 471}",tanh,0.04385018245959731,"(200, 50)",constant,0.0624759617632725,498,logistic,0.07813182160418433,"(200, 50)",constant,0.031183442493307317,450,relu,0.022009369990526634,"(100, 100)",invscaling,0.10528839144368038,471
6,3,0.4283566302540628,0.06724006588382517,1.0,0.0,"{'mlp1_activation': 'tanh', 'mlp1_alpha': np.float64(0.06935836565222987), 'mlp1_hidden_layers': (100, 100, 50), 'mlp1_learning_rate': 'adaptive', 'mlp1_learning_rate_init': np.float64(0.053249936919345896), 'mlp1_max_iter': 383, 'mlp2_activation': 'logistic', 'mlp2_alpha': np.float64(0.016344629447322515), 'mlp2_hidden_layers': (100, 150), 'mlp2_learning_rate': 'adaptive', 'mlp2_learning_rate_init': np.float64(0.013665499558527897), 'mlp2_max_iter': 320, 'mlp3_activation': 'logistic', 'mlp3_alpha': np.float64(0.08458940201579568), 'mlp3_hidden_layers': (75, 50), 'mlp3_learning_rate': 'adaptive', 'mlp3_learning_rate_init': np.float64(0.08324246106860596), 'mlp3_max_iter': 214}",tanh,0.06935836565222987,"(100, 100, 50)",adaptive,0.053249936919345896,383,logistic,0.016344629447322515,"(100, 150)",adaptive,0.013665499558527897,320,logistic,0.08458940201579568,"(75, 50)",adaptive,0.08324246106860596,214
6,4,0.43695738671669854,0.053574765277763475,1.0,0.0,"{'mlp1_activation': 'tanh', 'mlp1_alpha': np.float64(0.0481560040272522), 'mlp1_hidden_layers': (200,), 'mlp1_learning_rate': 'adaptive', 'mlp1_learning_rate_init': np.float64(0.10982024312843673), 'mlp1_max_iter': 318, 'mlp2_activation': 'relu', 'mlp2_alpha': np.float64(0.07334278768576116), 'mlp2_hidden_layers': (100, 150), 'mlp2_learning_rate': 'constant', 'mlp2_learning_rate_init': np.float64(0.09524416785302908), 'mlp2_max_iter': 140, 'mlp3_activation': 'relu', 'mlp3_alpha': np.float64(0.011146038365152502), 'mlp3_hidden_layers': (100, 150), 'mlp3_learning_rate': 'adaptive', 'mlp3_learning_rate_init': np.float64(0.06554940267498037), 'mlp3_max_iter': 113}",tanh,0.0481560040272522,"(200,)",adaptive,0.10982024312843673,318,relu,0.07334278768576116,"(100, 150)",constant,0.09524416785302908,140,relu,0.011146038365152502,"(100, 150)",adaptive,0.06554940267498037,113
7,0,0.46781585146552934,0.06584629157374085,1.0,0.0,"{'mlp1_activation': 'logistic', 'mlp1_alpha': np.float64(0.09814466898995279), 'mlp1_hidden_layers': (25, 50, 25), 'mlp1_learning_rate': 'constant', 'mlp1_learning_rate_init': np.float64(0.07035642051223905), 'mlp1_max_iter': 396, 'mlp2_activation': 'relu', 'mlp2_alpha': np.float64(0.056256680413628586), 'mlp2_hidden_layers': (100, 100, 50), 'mlp2_learning_rate': 'invscaling', 'mlp2_learning_rate_init': np.float64(0.07276091024318204), 'mlp2_max_iter': 485, 'mlp3_activation': 'tanh', 'mlp3_alpha': np.float64(0.09218384101414068), 'mlp3_hidden_layers': (25, 50, 25), 'mlp3_learning_rate': 'adaptive', 'mlp3_learning_rate_init': np.float64(0.053882912480216934), 'mlp3_max_iter': 398}",logistic,0.09814466898995279,"(25, 50, 25)",constant,0.07035642051223905,396,relu,0.056256680413628586,"(100, 100, 50)",invscaling,0.07276091024318204,485,tanh,0.09218384101414068,"(25, 50, 25)",adaptive,0.053882912480216934,398
7,1,0.4642398741977985,0.035017132165677915,1.0,0.0,"{'mlp1_activation': 'relu', 'mlp1_alpha': np.float64(0.05157101813448843), 'mlp1_hidden_layers': (50, 25), 'mlp1_learning_rate': 'constant', 'mlp1_learning_rate_init': np.float64(0.040063458196618267), 'mlp1_max_iter': 206, 'mlp2_activation': 'tanh', 'mlp2_alpha': np.float64(0.018809403264710946), 'mlp2_hidden_layers': (50, 50, 50), 'mlp2_learning_rate': 'invscaling', 'mlp2_learning_rate_init': np.float64(0.08038109280234743), 'mlp2_max_iter': 140, 'mlp3_activation': 'logistic', 'mlp3_alpha': np.float64(0.08804050149056576), 'mlp3_hidden_layers': (50,), 'mlp3_learning_rate': 'constant', 'mlp3_learning_rate_init': np.float64(0.09433675670616777), 'mlp3_max_iter': 493}",relu,0.05157101813448843,"(50, 25)",constant,0.040063458196618267,206,tanh,0.018809403264710946,"(50, 50, 50)",invscaling,0.08038109280234743,140,logistic,0.08804050149056576,"(50,)",constant,0.09433675670616777,493
7,2,0.46711149513568867,0.06217544141983841,1.0,0.0,"{'mlp1_activation': 'logistic', 'mlp1_alpha': np.float64(0.022293808166664347), 'mlp1_hidden_layers': (100, 25), 'mlp1_learning_rate': 'adaptive', 'mlp1_learning_rate_init': np.float64(0.08664089853254563), 'mlp1_max_iter': 125, 'mlp2_activation': 'relu', 'mlp2_alpha': np.float64(0.012379710898688848), 'mlp2_hidden_layers': (100, 25), 'mlp2_learning_rate': 'constant', 'mlp2_learning_rate_init': np.float64(0.1012536314944859), 'mlp2_max_iter': 348, 'mlp3_activation': 'relu', 'mlp3_alpha': np.float64(0.024468762553770798), 'mlp3_hidden_layers': (200,), 'mlp3_learning_rate': 'invscaling', 'mlp3_learning_rate_init': np.float64(0.010047676622734638), 'mlp3_max_iter': 175}",logistic,0.022293808166664347,"(100, 25)",adaptive,0.08664089853254563,125,relu,0.012379710898688848,"(100, 25)",constant,0.1012536314944859,348,relu,0.024468762553770798,"(200,)",invscaling,0.010047676622734638,175
7,3,0.46935330477543113,0.04796992722625789,1.0,0.0,"{'mlp1_activation': 'relu', 'mlp1_alpha': np.float64(0.10776633616275441), 'mlp1_hidden_layers': (100,), 'mlp1_learning_rate': 'constant', 'mlp1_learning_rate_init': np.float64(0.09623026669981948), 'mlp1_max_iter': 465, 'mlp2_activation': 'logistic', 'mlp2_alpha': np.float64(0.05534787924509847), 'mlp2_hidden_layers': (100, 100, 50), 'mlp2_learning_rate': 'constant', 'mlp2_learning_rate_init': np.float64(0.0700426628682309), 'mlp2_max_iter': 422, 'mlp3_activation': 'relu', 'mlp3_alpha': np.float64(0.030361721920607647), 'mlp3_hidden_layers': (25, 50, 25), 'mlp3_learning_rate': 'invscaling', 'mlp3_learning_rate_init': np.float64(0.060719297220479335), 'mlp3_max_iter': 392}",relu,0.10776633616275441,"(100,)",constant,0.09623026669981948,465,logistic,0.05534787924509847,"(100, 100, 50)",constant,0.0700426628682309,422,relu,0.030361721920607647,"(25, 50, 25)",invscaling,0.060719297220479335,392
7,4,0.46907604832977967,0.09124040520552582,1.0,0.0,"{'mlp1_activation': 'relu', 'mlp1_alpha': np.float64(0.013746086737676303), 'mlp1_hidden_layers': (200,), 'mlp1_learning_rate': 'constant', 'mlp1_learning_rate_init': np.float64(0.02616952606427056), 'mlp1_max_iter': 254, 'mlp2_activation': 'logistic', 'mlp2_alpha': np.float64(0.04042709263498006), 'mlp2_hidden_layers': (50, 100, 50), 'mlp2_learning_rate': 'invscaling', 'mlp2_learning_rate_init': np.float64(0.035943889137111336), 'mlp2_max_iter': 387, 'mlp3_activation': 'relu', 'mlp3_alpha': np.float64(0.06336988944366098), 'mlp3_hidden_layers': (50, 25), 'mlp3_learning_rate': 'adaptive', 'mlp3_learning_rate_init': np.float64(0.08170822950560638), 'mlp3_max_iter': 118}",relu,0.013746086737676303,"(200,)",constant,0.02616952606427056,254,logistic,0.04042709263498006,"(50, 100, 50)",invscaling,0.035943889137111336,387,relu,0.06336988944366098,"(50, 25)",adaptive,0.08170822950560638,118
8,0,0.4653507325017717,0.08341219671395868,1.0,0.0,"{'mlp1_activation': 'logistic', 'mlp1_alpha': np.float64(0.09809364274131271), 'mlp1_hidden_layers': (25, 200), 'mlp1_learning_rate': 'constant', 'mlp1_learning_rate_init': np.float64(0.08336523234643338), 'mlp1_max_iter': 473, 'mlp2_activation': 'relu', 'mlp2_alpha': np.float64(0.09902269616552276), 'mlp2_hidden_layers': (100, 150), 'mlp2_learning_rate': 'constant', 'mlp2_learning_rate_init': np.float64(0.033733192649351755), 'mlp2_max_iter': 369, 'mlp3_activation': 'logistic', 'mlp3_alpha': np.float64(0.05406621919064761), 'mlp3_hidden_layers': (200, 50), 'mlp3_learning_rate': 'constant', 'mlp3_learning_rate_init': np.float64(0.10205623221701128), 'mlp3_max_iter': 113}",logistic,0.09809364274131271,"(25, 200)",constant,0.08336523234643338,473,relu,0.09902269616552276,"(100, 150)",constant,0.033733192649351755,369,logistic,0.05406621919064761,"(200, 50)",constant,0.10205623221701128,113
8,1,0.45955443645416316,0.0311470681877462,1.0,0.0,"{'mlp1_activation': 'tanh', 'mlp1_alpha': np.float64(0.10043021057724838), 'mlp1_hidden_layers': (100, 100), 'mlp1_learning_rate': 'constant', 'mlp1_learning_rate_init': np.float64(0.06103369131913385), 'mlp1_max_iter': 419, 'mlp2_activation': 'logistic', 'mlp2_alpha': np.float64(0.08155166216834012), 'mlp2_hidden_layers': (150,), 'mlp2_learning_rate': 'invscaling', 'mlp2_learning_rate_init': np.float64(0.0698327529761854), 'mlp2_max_iter': 364, 'mlp3_activation': 'tanh', 'mlp3_alpha': np.float64(0.07950473721846385), 'mlp3_hidden_layers': (150, 50), 'mlp3_learning_rate': 'constant', 'mlp3_learning_rate_init': np.float64(0.040623893381985916), 'mlp3_max_iter': 284}",tanh,0.10043021057724838,"(100, 100)",constant,0.06103369131913385,419,logistic,0.08155166216834012,"(150,)",invscaling,0.0698327529761854,364,tanh,0.07950473721846385,"(150, 50)",constant,0.040623893381985916,284
8,2,0.44498200117397985,0.06951803336948037,1.0,0.0,"{'mlp1_activation': 'logistic', 'mlp1_alpha': np.float64(0.0886453185753389), 'mlp1_hidden_layers': (25, 25, 25), 'mlp1_learning_rate': 'adaptive', 'mlp1_learning_rate_init': np.float64(0.06968489188982546), 'mlp1_max_iter': 471, 'mlp2_activation': 'relu', 'mlp2_alpha': np.float64(0.019478350074547082), 'mlp2_hidden_layers': (100, 75, 50), 'mlp2_learning_rate': 'constant', 'mlp2_learning_rate_init': np.float64(0.0660602337608708), 'mlp2_max_iter': 315, 'mlp3_activation': 'relu', 'mlp3_alpha': np.float64(0.03766939797242555), 'mlp3_hidden_layers': (100, 25), 'mlp3_learning_rate': 'constant', 'mlp3_learning_rate_init': np.float64(0.07841663173346629), 'mlp3_max_iter': 479}",logistic,0.0886453185753389,"(25, 25, 25)",adaptive,0.06968489188982546,471,relu,0.019478350074547082,"(100, 75, 50)",constant,0.0660602337608708,315,relu,0.03766939797242555,"(100, 25)",constant,0.07841663173346629,479
8,3,0.4540447647205247,0.05614986429777135,1.0,0.0,"{'mlp1_activation': 'logistic', 'mlp1_alpha': np.float64(0.02843656136585098), 'mlp1_hidden_layers': (25,), 'mlp1_learning_rate': 'constant', 'mlp1_learning_rate_init': np.float64(0.06965407892144823), 'mlp1_max_iter': 366, 'mlp2_activation': 'relu', 'mlp2_alpha': np.float64(0.08067503741438636), 'mlp2_hidden_layers': (50, 50, 50), 'mlp2_learning_rate': 'adaptive', 'mlp2_learning_rate_init': np.float64(0.10813331879109447), 'mlp2_max_iter': 459, 'mlp3_activation': 'logistic', 'mlp3_alpha': np.float64(0.07261789758052749), 'mlp3_hidden_layers': (100, 50, 25), 'mlp3_learning_rate': 'adaptive', 'mlp3_learning_rate_init': np.float64(0.091928977505485), 'mlp3_max_iter': 144}",logistic,0.02843656136585098,"(25,)",constant,0.06965407892144823,366,relu,0.08067503741438636,"(50, 50, 50)",adaptive,0.10813331879109447,459,logistic,0.07261789758052749,"(100, 50, 25)",adaptive,0.091928977505485,144
8,4,0.47166483034687595,0.0330296692055052,1.0,0.0,"{'mlp1_activation': 'relu', 'mlp1_alpha': np.float64(0.09921326085819336), 'mlp1_hidden_layers': (150, 25), 'mlp1_learning_rate': 'invscaling', 'mlp1_learning_rate_init': np.float64(0.10694936458470165), 'mlp1_max_iter': 465, 'mlp2_activation': 'logistic', 'mlp2_alpha': np.float64(0.08816762018573343), 'mlp2_hidden_layers': (50,), 'mlp2_learning_rate': 'constant', 'mlp2_learning_rate_init': np.float64(0.027658904751517825), 'mlp2_max_iter': 401, 'mlp3_activation': 'tanh', 'mlp3_alpha': np.float64(0.013363273904997544), 'mlp3_hidden_layers': (50, 50), 'mlp3_learning_rate': 'adaptive', 'mlp3_learning_rate_init': np.float64(0.04749749158592171), 'mlp3_max_iter': 124}",relu,0.09921326085819336,"(150, 25)",invscaling,0.10694936458470165,465,logistic,0.08816762018573343,"(50,)",constant,0.027658904751517825,401,tanh,0.013363273904997544,"(50, 50)",adaptive,0.04749749158592171,124
9,0,0.4737636822963173,0.07068385190224158,1.0,0.0,"{'mlp1_activation': 'logistic', 'mlp1_alpha': np.float64(0.0583850778304567), 'mlp1_hidden_layers': (50, 200), 'mlp1_learning_rate': 'adaptive', 'mlp1_learning_rate_init': np.float64(0.09101792242385794), 'mlp1_max_iter': 230, 'mlp2_activation': 'logistic', 'mlp2_alpha': np.float64(0.011268150714632255), 'mlp2_hidden_layers': (25, 25), 'mlp2_learning_rate': 'constant', 'mlp2_learning_rate_init': np.float64(0.012924803296994062), 'mlp2_max_iter': 448, 'mlp3_activation': 'tanh', 'mlp3_alpha': np.float64(0.06225038417669978), 'mlp3_hidden_layers': (25, 25, 25), 'mlp3_learning_rate': 'invscaling', 'mlp3_learning_rate_init': np.float64(0.05498798060037234), 'mlp3_max_iter': 260}",logistic,0.0583850778304567,"(50, 200)",adaptive,0.09101792242385794,230,logistic,0.011268150714632255,"(25, 25)",constant,0.012924803296994062,448,tanh,0.06225038417669978,"(25, 25, 25)",invscaling,0.05498798060037234,260
9,1,0.4772793462215915,0.04834537865023354,1.0,0.0,"{'mlp1_activation': 'tanh', 'mlp1_alpha': np.float64(0.045801092387498674), 'mlp1_hidden_layers': (50, 25), 'mlp1_learning_rate': 'constant', 'mlp1_learning_rate_init': np.float64(0.027521790177424843), 'mlp1_max_iter': 351, 'mlp2_activation': 'relu', 'mlp2_alpha': np.float64(0.07045817380406486), 'mlp2_hidden_layers': (100, 75, 50), 'mlp2_learning_rate': 'adaptive', 'mlp2_learning_rate_init': np.float64(0.0791370429399098), 'mlp2_max_iter': 217, 'mlp3_activation': 'logistic', 'mlp3_alpha': np.float64(0.016739962260434973), 'mlp3_hidden_layers': (100, 100, 50), 'mlp3_learning_rate': 'invscaling', 'mlp3_learning_rate_init': np.float64(0.09468981858546598), 'mlp3_max_iter': 325}",tanh,0.045801092387498674,"(50, 25)",constant,0.027521790177424843,351,relu,0.07045817380406486,"(100, 75, 50)",adaptive,0.0791370429399098,217,logistic,0.016739962260434973,"(100, 100, 50)",invscaling,0.09468981858546598,325
9,2,0.4534982114745413,0.05145050067390964,1.0,0.0,"{'mlp1_activation': 'logistic', 'mlp1_alpha': np.float64(0.08196367556701989), 'mlp1_hidden_layers': (100, 75, 50), 'mlp1_learning_rate': 'adaptive', 'mlp1_learning_rate_init': np.float64(0.017524819087152945), 'mlp1_max_iter': 341, 'mlp2_activation': 'tanh', 'mlp2_alpha': np.float64(0.09703961114301414), 'mlp2_hidden_layers': (75, 75, 75), 'mlp2_learning_rate': 'constant', 'mlp2_learning_rate_init': np.float64(0.048496846488611654), 'mlp2_max_iter': 105, 'mlp3_activation': 'relu', 'mlp3_alpha': np.float64(0.02431915667640891), 'mlp3_hidden_layers': (150, 25), 'mlp3_learning_rate': 'constant', 'mlp3_learning_rate_init': np.float64(0.06540376072027336), 'mlp3_max_iter': 229}",logistic,0.08196367556701989,"(100, 75, 50)",adaptive,0.017524819087152945,341,tanh,0.09703961114301414,"(75, 75, 75)",constant,0.048496846488611654,105,relu,0.02431915667640891,"(150, 25)",constant,0.06540376072027336,229
9,3,0.4332231690485093,0.051599965669689905,1.0,0.0,"{'mlp1_activation': 'logistic', 'mlp1_alpha': np.float64(0.08796147579413971), 'mlp1_hidden_layers': (25, 25, 50), 'mlp1_learning_rate': 'adaptive', 'mlp1_learning_rate_init': np.float64(0.029227687796902595), 'mlp1_max_iter': 377, 'mlp2_activation': 'tanh', 'mlp2_alpha': np.float64(0.09964980510852221), 'mlp2_hidden_layers': (25, 50, 25), 'mlp2_learning_rate': 'adaptive', 'mlp2_learning_rate_init': np.float64(0.02224211217543612), 'mlp2_max_iter': 451, 'mlp3_activation': 'tanh', 'mlp3_alpha': np.float64(0.06672985066040568), 'mlp3_hidden_layers': (50, 25, 25), 'mlp3_learning_rate': 'constant', 'mlp3_learning_rate_init': np.float64(0.022772757513053722), 'mlp3_max_iter': 193}",logistic,0.08796147579413971,"(25, 25, 50)",adaptive,0.029227687796902595,377,tanh,0.09964980510852221,"(25, 50, 25)",adaptive,0.02224211217543612,451,tanh,0.06672985066040568,"(50, 25, 25)",constant,0.022772757513053722,193
9,4,0.43460972266833836,0.041497661515347034,1.0,0.0,"{'mlp1_activation': 'logistic', 'mlp1_alpha': np.float64(0.012996741092104584), 'mlp1_hidden_layers': (50, 100), 'mlp1_learning_rate': 'invscaling', 'mlp1_learning_rate_init': np.float64(0.054418417803451934), 'mlp1_max_iter': 230, 'mlp2_activation': 'tanh', 'mlp2_alpha': np.float64(0.06872547500543882), 'mlp2_hidden_layers': (100, 100, 50), 'mlp2_learning_rate': 'constant', 'mlp2_learning_rate_init': np.float64(0.09815640980869433), 'mlp2_max_iter': 429, 'mlp3_activation': 'tanh', 'mlp3_alpha': np.float64(0.10657634827408816), 'mlp3_hidden_layers': (100, 100, 50), 'mlp3_learning_rate': 'invscaling', 'mlp3_learning_rate_init': np.float64(0.054793889840581096), 'mlp3_max_iter': 492}",logistic,0.012996741092104584,"(50, 100)",invscaling,0.054418417803451934,230,tanh,0.06872547500543882,"(100, 100, 50)",constant,0.09815640980869433,429,tanh,0.10657634827408816,"(100, 100, 50)",invscaling,0.054793889840581096,492
10,0,0.42330795641140473,0.04495279038286631,1.0,0.0,"{'mlp1_activation': 'relu', 'mlp1_alpha': np.float64(0.08448540306917061), 'mlp1_hidden_layers': (150, 75), 'mlp1_learning_rate': 'invscaling', 'mlp1_learning_rate_init': np.float64(0.023124655621929172), 'mlp1_max_iter': 499, 'mlp2_activation': 'logistic', 'mlp2_alpha': np.float64(0.03634860413322039), 'mlp2_hidden_layers': (100, 50, 25), 'mlp2_learning_rate': 'constant', 'mlp2_learning_rate_init': np.float64(0.09392640631436969), 'mlp2_max_iter': 446, 'mlp3_activation': 'tanh', 'mlp3_alpha': np.float64(0.08104180550588289), 'mlp3_hidden_layers': (25, 25, 50), 'mlp3_learning_rate': 'constant', 'mlp3_learning_rate_init': np.float64(0.012000078835110065), 'mlp3_max_iter': 397}",relu,0.08448540306917061,"(150, 75)",invscaling,0.023124655621929172,499,logistic,0.03634860413322039,"(100, 50, 25)",constant,0.09392640631436969,446,tanh,0.08104180550588289,"(25, 25, 50)",constant,0.012000078835110065,397
10,1,0.48910252886734984,0.056498789339366425,1.0,0.0,"{'mlp1_activation': 'logistic', 'mlp1_alpha': np.float64(0.04233922743142126), 'mlp1_hidden_layers': (50,), 'mlp1_learning_rate': 'adaptive', 'mlp1_learning_rate_init': np.float64(0.07895685388092938), 'mlp1_max_iter': 494, 'mlp2_activation': 'logistic', 'mlp2_alpha': np.float64(0.0499665402570402), 'mlp2_hidden_layers': (25,), 'mlp2_learning_rate': 'adaptive', 'mlp2_learning_rate_init': np.float64(0.017321001633305945), 'mlp2_max_iter': 125, 'mlp3_activation': 'relu', 'mlp3_alpha': np.float64(0.059527102843723666), 'mlp3_hidden_layers': (50, 25), 'mlp3_learning_rate': 'adaptive', 'mlp3_learning_rate_init': np.float64(0.033393720095023595), 'mlp3_max_iter': 137}",logistic,0.04233922743142126,"(50,)",adaptive,0.07895685388092938,494,logistic,0.0499665402570402,"(25,)",adaptive,0.017321001633305945,125,relu,0.059527102843723666,"(50, 25)",adaptive,0.033393720095023595,137
10,2,0.44825001802262515,0.050479665211510635,1.0,0.0,"{'mlp1_activation': 'tanh', 'mlp1_alpha': np.float64(0.07733688317869158), 'mlp1_hidden_layers': (150, 75), 'mlp1_learning_rate': 'adaptive', 'mlp1_learning_rate_init': np.float64(0.056905960340849576), 'mlp1_max_iter': 324, 'mlp2_activation': 'logistic', 'mlp2_alpha': np.float64(0.017803859831877492), 'mlp2_hidden_layers': (50, 25, 25), 'mlp2_learning_rate': 'adaptive', 'mlp2_learning_rate_init': np.float64(0.07463315384386646), 'mlp2_max_iter': 417, 'mlp3_activation': 'tanh', 'mlp3_alpha': np.float64(0.06760763481951271), 'mlp3_hidden_layers': (25,), 'mlp3_learning_rate': 'constant', 'mlp3_learning_rate_init': np.float64(0.1048578487333371), 'mlp3_max_iter': 302}",tanh,0.07733688317869158,"(150, 75)",adaptive,0.056905960340849576,324,logistic,0.017803859831877492,"(50, 25, 25)",adaptive,0.07463315384386646,417,tanh,0.06760763481951271,"(25,)",constant,0.1048578487333371,302
10,3,0.4593571272112647,0.04652556307441502,1.0,0.0,"{'mlp1_activation': 'logistic', 'mlp1_alpha': np.float64(0.010410375538073571), 'mlp1_hidden_layers': (200, 50), 'mlp1_learning_rate': 'adaptive', 'mlp1_learning_rate_init': np.float64(0.10617688794016329), 'mlp1_max_iter': 132, 'mlp2_activation': 'relu', 'mlp2_alpha': np.float64(0.10155194219906918), 'mlp2_hidden_layers': (100, 100, 50), 'mlp2_learning_rate': 'invscaling', 'mlp2_learning_rate_init': np.float64(0.07166952672313161), 'mlp2_max_iter': 228, 'mlp3_activation': 'relu', 'mlp3_alpha': np.float64(0.03959144318893485), 'mlp3_hidden_layers': (200, 100), 'mlp3_learning_rate': 'adaptive', 'mlp3_learning_rate_init': np.float64(0.010975878832812772), 'mlp3_max_iter': 323}",logistic,0.010410375538073571,"(200, 50)",adaptive,0.10617688794016329,132,relu,0.10155194219906918,"(100, 100, 50)",invscaling,0.07166952672313161,228,relu,0.03959144318893485,"(200, 100)",adaptive,0.010975878832812772,323
10,4,0.5069114021442789,0.06656841143480374,1.0,0.0,"{'mlp1_activation': 'tanh', 'mlp1_alpha': np.float64(0.02592019138503914), 'mlp1_hidden_layers': (100, 100, 50), 'mlp1_learning_rate': 'invscaling', 'mlp1_learning_rate_init': np.float64(0.06653897508582422), 'mlp1_max_iter': 132, 'mlp2_activation': 'logistic', 'mlp2_alpha': np.float64(0.10026811564098388), 'mlp2_hidden_layers': (25,), 'mlp2_learning_rate': 'invscaling', 'mlp2_learning_rate_init': np.float64(0.019464791851500476), 'mlp2_max_iter': 102, 'mlp3_activation': 'logistic', 'mlp3_alpha': np.float64(0.08002392311877701), 'mlp3_hidden_layers': (50, 25), 'mlp3_learning_rate': 'invscaling', 'mlp3_learning_rate_init': np.float64(0.04869628940897574), 'mlp3_max_iter': 101}",tanh,0.02592019138503914,"(100, 100, 50)",invscaling,0.06653897508582422,132,logistic,0.10026811564098388,"(25,)",invscaling,0.019464791851500476,102,logistic,0.08002392311877701,"(50, 25)",invscaling,0.04869628940897574,101
11,0,0.43816243294504165,0.03456073922837568,1.0,0.0,"{'mlp1_activation': 'tanh', 'mlp1_alpha': np.float64(0.03355847410472493), 'mlp1_hidden_layers': (200, 100), 'mlp1_learning_rate': 'invscaling', 'mlp1_learning_rate_init': np.float64(0.023116469104147247), 'mlp1_max_iter': 236, 'mlp2_activation': 'logistic', 'mlp2_alpha': np.float64(0.05705025623585529), 'mlp2_hidden_layers': (25,), 'mlp2_learning_rate': 'invscaling', 'mlp2_learning_rate_init': np.float64(0.09019864311418634), 'mlp2_max_iter': 374, 'mlp3_activation': 'logistic', 'mlp3_alpha': np.float64(0.04803325281640207), 'mlp3_hidden_layers': (75, 75, 75), 'mlp3_learning_rate': 'invscaling', 'mlp3_learning_rate_init': np.float64(0.07061373960780847), 'mlp3_max_iter': 267}",tanh,0.03355847410472493,"(200, 100)",invscaling,0.023116469104147247,236,logistic,0.05705025623585529,"(25,)",invscaling,0.09019864311418634,374,logistic,0.04803325281640207,"(75, 75, 75)",invscaling,0.07061373960780847,267
11,1,0.451960045494826,0.0702578188511768,1.0,0.0,"{'mlp1_activation': 'tanh', 'mlp1_alpha': np.float64(0.05910802592388389), 'mlp1_hidden_layers': (150, 150), 'mlp1_learning_rate': 'constant', 'mlp1_learning_rate_init': np.float64(0.04440868742988112), 'mlp1_max_iter': 195, 'mlp2_activation': 'relu', 'mlp2_alpha': np.float64(0.05308681834342873), 'mlp2_hidden_layers': (75, 75, 75), 'mlp2_learning_rate': 'adaptive', 'mlp2_learning_rate_init': np.float64(0.10658677882610428), 'mlp2_max_iter': 252, 'mlp3_activation': 'logistic', 'mlp3_alpha': np.float64(0.034265791825667774), 'mlp3_hidden_layers': (25, 25), 'mlp3_learning_rate': 'invscaling', 'mlp3_learning_rate_init': np.float64(0.043099210720961074), 'mlp3_max_iter': 417}",tanh,0.05910802592388389,"(150, 150)",constant,0.04440868742988112,195,relu,0.05308681834342873,"(75, 75, 75)",adaptive,0.10658677882610428,252,logistic,0.034265791825667774,"(25, 25)",invscaling,0.043099210720961074,417
11,2,0.47093039342228177,0.043837567101817514,1.0,0.0,"{'mlp1_activation': 'logistic', 'mlp1_alpha': np.float64(0.0614370674453364), 'mlp1_hidden_layers': (100,), 'mlp1_learning_rate': 'adaptive', 'mlp1_learning_rate_init': np.float64(0.017697863533289507), 'mlp1_max_iter': 125, 'mlp2_activation': 'tanh', 'mlp2_alpha': np.float64(0.010857755509387581), 'mlp2_hidden_layers': (75, 50), 'mlp2_learning_rate': 'adaptive', 'mlp2_learning_rate_init': np.float64(0.01776526215801886), 'mlp2_max_iter': 343, 'mlp3_activation': 'tanh', 'mlp3_alpha': np.float64(0.09719104171403671), 'mlp3_hidden_layers': (50, 25), 'mlp3_learning_rate': 'constant', 'mlp3_learning_rate_init': np.float64(0.07919410741577884), 'mlp3_max_iter': 498}",logistic,0.0614370674453364,"(100,)",adaptive,0.017697863533289507,125,tanh,0.010857755509387581,"(75, 50)",adaptive,0.01776526215801886,343,tanh,0.09719104171403671,"(50, 25)",constant,0.07919410741577884,498
11,3,0.41895370737991683,0.046483180945512285,1.0,0.0,"{'mlp1_activation': 'logistic', 'mlp1_alpha': np.float64(0.07694594261492997), 'mlp1_hidden_layers': (50, 50, 50), 'mlp1_learning_rate': 'invscaling', 'mlp1_learning_rate_init': np.float64(0.01081836502940601), 'mlp1_max_iter': 100, 'mlp2_activation': 'logistic', 'mlp2_alpha': np.float64(0.013305534406321165), 'mlp2_hidden_layers': (100, 150), 'mlp2_learning_rate': 'constant', 'mlp2_learning_rate_init': np.float64(0.03867021891369985), 'mlp2_max_iter': 162, 'mlp3_activation': 'logistic', 'mlp3_alpha': np.float64(0.09180585044922293), 'mlp3_hidden_layers': (75, 50), 'mlp3_learning_rate': 'adaptive', 'mlp3_learning_rate_init': np.float64(0.028341184899407526), 'mlp3_max_iter': 285}",logistic,0.07694594261492997,"(50, 50, 50)",invscaling,0.01081836502940601,100,logistic,0.013305534406321165,"(100, 150)",constant,0.03867021891369985,162,logistic,0.09180585044922293,"(75, 50)",adaptive,0.028341184899407526,285
11,4,0.4578734237392067,0.026269919638596196,1.0,0.0,"{'mlp1_activation': 'tanh', 'mlp1_alpha': np.float64(0.05068816398222478), 'mlp1_hidden_layers': (200, 50), 'mlp1_learning_rate': 'constant', 'mlp1_learning_rate_init': np.float64(0.01565692521498905), 'mlp1_max_iter': 271, 'mlp2_activation': 'relu', 'mlp2_alpha': np.float64(0.06756231603319082), 'mlp2_hidden_layers': (150, 25), 'mlp2_learning_rate': 'constant', 'mlp2_learning_rate_init': np.float64(0.05520092862370893), 'mlp2_max_iter': 104, 'mlp3_activation': 'tanh', 'mlp3_alpha': np.float64(0.042819200647187035), 'mlp3_hidden_layers': (75,), 'mlp3_learning_rate': 'adaptive', 'mlp3_learning_rate_init': np.float64(0.0982673527093572), 'mlp3_max_iter': 152}",tanh,0.05068816398222478,"(200, 50)",constant,0.01565692521498905,271,relu,0.06756231603319082,"(150, 25)",constant,0.05520092862370893,104,tanh,0.042819200647187035,"(75,)",adaptive,0.0982673527093572,152
12,0,0.42572787441985815,0.08952057684322982,1.0,0.0,"{'mlp1_activation': 'tanh', 'mlp1_alpha': np.float64(0.10097586559845358), 'mlp1_hidden_layers': (100, 50), 'mlp1_learning_rate': 'constant', 'mlp1_learning_rate_init': np.float64(0.03506066577676762), 'mlp1_max_iter': 346, 'mlp2_activation': 'relu', 'mlp2_alpha': np.float64(0.10382179260098641), 'mlp2_hidden_layers': (75,), 'mlp2_learning_rate': 'constant', 'mlp2_learning_rate_init': np.float64(0.07661385403961214), 'mlp2_max_iter': 435, 'mlp3_activation': 'relu', 'mlp3_alpha': np.float64(0.047925774008441134), 'mlp3_hidden_layers': (25, 25, 25), 'mlp3_learning_rate': 'adaptive', 'mlp3_learning_rate_init': np.float64(0.10461878607066338), 'mlp3_max_iter': 300}",tanh,0.10097586559845358,"(100, 50)",constant,0.03506066577676762,346,relu,0.10382179260098641,"(75,)",constant,0.07661385403961214,435,relu,0.047925774008441134,"(25, 25, 25)",adaptive,0.10461878607066338,300
12,1,0.439486909770921,0.03233640616420259,1.0,0.0,"{'mlp1_activation': 'tanh', 'mlp1_alpha': np.float64(0.10926335490715634), 'mlp1_hidden_layers': (25, 50, 25), 'mlp1_learning_rate': 'adaptive', 'mlp1_learning_rate_init': np.float64(0.05684822335936724), 'mlp1_max_iter': 405, 'mlp2_activation': 'logistic', 'mlp2_alpha': np.float64(0.03071486693912985), 'mlp2_hidden_layers': (50, 25, 25), 'mlp2_learning_rate': 'adaptive', 'mlp2_learning_rate_init': np.float64(0.032068420141672854), 'mlp2_max_iter': 169, 'mlp3_activation': 'relu', 'mlp3_alpha': np.float64(0.015069987211697191), 'mlp3_hidden_layers': (150, 75), 'mlp3_learning_rate': 'adaptive', 'mlp3_learning_rate_init': np.float64(0.10997973218936002), 'mlp3_max_iter': 441}",tanh,0.10926335490715634,"(25, 50, 25)",adaptive,0.05684822335936724,405,logistic,0.03071486693912985,"(50, 25, 25)",adaptive,0.032068420141672854,169,relu,0.015069987211697191,"(150, 75)",adaptive,0.10997973218936002,441
12,2,0.46684865077886073,0.0897004221743719,1.0,0.0,"{'mlp1_activation': 'relu', 'mlp1_alpha': np.float64(0.06889273087699359), 'mlp1_hidden_layers': (50, 25), 'mlp1_learning_rate': 'invscaling', 'mlp1_learning_rate_init': np.float64(0.0869164564530575), 'mlp1_max_iter': 221, 'mlp2_activation': 'relu', 'mlp2_alpha': np.float64(0.09192463706250716), 'mlp2_hidden_layers': (150, 75), 'mlp2_learning_rate': 'invscaling', 'mlp2_learning_rate_init': np.float64(0.027695332682003852), 'mlp2_max_iter': 340, 'mlp3_activation': 'relu', 'mlp3_alpha': np.float64(0.04097643995003445), 'mlp3_hidden_layers': (50, 200), 'mlp3_learning_rate': 'adaptive', 'mlp3_learning_rate_init': np.float64(0.022037310062532872), 'mlp3_max_iter': 257}",relu,0.06889273087699359,"(50, 25)",invscaling,0.0869164564530575,221,relu,0.09192463706250716,"(150, 75)",invscaling,0.027695332682003852,340,relu,0.04097643995003445,"(50, 200)",adaptive,0.022037310062532872,257
12,3,0.46663003663003666,0.03696698535610181,1.0,0.0,"{'mlp1_activation': 'logistic', 'mlp1_alpha': np.float64(0.08112785683878322), 'mlp1_hidden_layers': (100, 50, 25), 'mlp1_learning_rate': 'invscaling', 'mlp1_learning_rate_init': np.float64(0.10166073327063758), 'mlp1_max_iter': 409, 'mlp2_activation': 'relu', 'mlp2_alpha': np.float64(0.09855737869481353), 'mlp2_hidden_layers': (50, 50), 'mlp2_learning_rate': 'constant', 'mlp2_learning_rate_init': np.float64(0.058537372554027106), 'mlp2_max_iter': 451, 'mlp3_activation': 'tanh', 'mlp3_alpha': np.float64(0.08103195257907647), 'mlp3_hidden_layers': (75, 50), 'mlp3_learning_rate': 'invscaling', 'mlp3_learning_rate_init': np.float64(0.07227814581052015), 'mlp3_max_iter': 266}",logistic,0.08112785683878322,"(100, 50, 25)",invscaling,0.10166073327063758,409,relu,0.09855737869481353,"(50, 50)",constant,0.058537372554027106,451,tanh,0.08103195257907647,"(75, 50)",invscaling,0.07227814581052015,266
12,4,0.47251071723271565,0.03482458523330712,1.0,0.0,"{'mlp1_activation': 'relu', 'mlp1_alpha': np.float64(0.057595758772297764), 'mlp1_hidden_layers': (100, 100, 50), 'mlp1_learning_rate': 'invscaling', 'mlp1_learning_rate_init': np.float64(0.011097873327606991), 'mlp1_max_iter': 171, 'mlp2_activation': 'tanh', 'mlp2_alpha': np.float64(0.08441924117092321), 'mlp2_hidden_layers': (50, 100), 'mlp2_learning_rate': 'adaptive', 'mlp2_learning_rate_init': np.float64(0.07001071417946265), 'mlp2_max_iter': 120, 'mlp3_activation': 'tanh', 'mlp3_alpha': np.float64(0.030079856248845044), 'mlp3_hidden_layers': (50, 50, 50), 'mlp3_learning_rate': 'constant', 'mlp3_learning_rate_init': np.float64(0.018415215348603457), 'mlp3_max_iter': 223}",relu,0.057595758772297764,"(100, 100, 50)",invscaling,0.011097873327606991,171,tanh,0.08441924117092321,"(50, 100)",adaptive,0.07001071417946265,120,tanh,0.030079856248845044,"(50, 50, 50)",constant,0.018415215348603457,223
13,0,0.45494458764004964,0.07253451413418954,1.0,0.0,"{'mlp1_activation': 'relu', 'mlp1_alpha': np.float64(0.0420166051540842), 'mlp1_hidden_layers': (50,), 'mlp1_learning_rate': 'invscaling', 'mlp1_learning_rate_init': np.float64(0.022905752290318764), 'mlp1_max_iter': 409, 'mlp2_activation': 'tanh', 'mlp2_alpha': np.float64(0.014465830709201457), 'mlp2_hidden_layers': (50, 50, 50), 'mlp2_learning_rate': 'constant', 'mlp2_learning_rate_init': np.float64(0.0872745361935817), 'mlp2_max_iter': 444, 'mlp3_activation': 'tanh', 'mlp3_alpha': np.float64(0.06534417860013861), 'mlp3_hidden_layers': (75,), 'mlp3_learning_rate': 'adaptive', 'mlp3_learning_rate_init': np.float64(0.02858025879373321), 'mlp3_max_iter': 424}",relu,0.0420166051540842,"(50,)",invscaling,0.022905752290318764,409,tanh,0.014465830709201457,"(50, 50, 50)",constant,0.0872745361935817,444,tanh,0.06534417860013861,"(75,)",adaptive,0.02858025879373321,424
13,1,0.4483608444634877,0.03366859385460355,1.0,0.0,"{'mlp1_activation': 'relu', 'mlp1_alpha': np.float64(0.07103487993043493), 'mlp1_hidden_layers': (25, 25), 'mlp1_learning_rate': 'adaptive', 'mlp1_learning_rate_init': np.float64(0.028847863845666115), 'mlp1_max_iter': 350, 'mlp2_activation': 'tanh', 'mlp2_alpha': np.float64(0.08295653519849541), 'mlp2_hidden_layers': (50, 25, 25), 'mlp2_learning_rate': 'adaptive', 'mlp2_learning_rate_init': np.float64(0.04926023266876991), 'mlp2_max_iter': 366, 'mlp3_activation': 'tanh', 'mlp3_alpha': np.float64(0.03510057170835896), 'mlp3_hidden_layers': (150, 50), 'mlp3_learning_rate': 'constant', 'mlp3_learning_rate_init': np.float64(0.09966063452714467), 'mlp3_max_iter': 289}",relu,0.07103487993043493,"(25, 25)",adaptive,0.028847863845666115,350,tanh,0.08295653519849541,"(50, 25, 25)",adaptive,0.04926023266876991,366,tanh,0.03510057170835896,"(150, 50)",constant,0.09966063452714467,289
13,2,0.483985566901008,0.04209932859516626,1.0,0.0,"{'mlp1_activation': 'logistic', 'mlp1_alpha': np.float64(0.06794056084699306), 'mlp1_hidden_layers': (150,), 'mlp1_learning_rate': 'adaptive', 'mlp1_learning_rate_init': np.float64(0.0862894198189523), 'mlp1_max_iter': 221, 'mlp2_activation': 'tanh', 'mlp2_alpha': np.float64(0.10904186009527368), 'mlp2_hidden_layers': (150, 25), 'mlp2_learning_rate': 'invscaling', 'mlp2_learning_rate_init': np.float64(0.03717937224997652), 'mlp2_max_iter': 365, 'mlp3_activation': 'relu', 'mlp3_alpha': np.float64(0.10757340052154607), 'mlp3_hidden_layers': (150,), 'mlp3_learning_rate': 'constant', 'mlp3_learning_rate_init': np.float64(0.10728727417350208), 'mlp3_max_iter': 261}",logistic,0.06794056084699306,"(150,)",adaptive,0.0862894198189523,221,tanh,0.10904186009527368,"(150, 25)",invscaling,0.03717937224997652,365,relu,0.10757340052154607,"(150,)",constant,0.10728727417350208,261
13,3,0.4566740030257205,0.03274699138796159,1.0,0.0,"{'mlp1_activation': 'tanh', 'mlp1_alpha': np.float64(0.04827500309277257), 'mlp1_hidden_layers': (150, 75), 'mlp1_learning_rate': 'adaptive', 'mlp1_learning_rate_init': np.float64(0.0792527359237515), 'mlp1_max_iter': 323, 'mlp2_activation': 'tanh', 'mlp2_alpha': np.float64(0.08198166244450325), 'mlp2_hidden_layers': (100,), 'mlp2_learning_rate': 'constant', 'mlp2_learning_rate_init': np.float64(0.098190343743094), 'mlp2_max_iter': 302, 'mlp3_activation': 'logistic', 'mlp3_alpha': np.float64(0.04129535931288143), 'mlp3_hidden_layers': (150, 150), 'mlp3_learning_rate': 'adaptive', 'mlp3_learning_rate_init': np.float64(0.013535220885193069), 'mlp3_max_iter': 492}",tanh,0.04827500309277257,"(150, 75)",adaptive,0.0792527359237515,323,tanh,0.08198166244450325,"(100,)",constant,0.098190343743094,302,logistic,0.04129535931288143,"(150, 150)",adaptive,0.013535220885193069,492
13,4,0.42339034968729655,0.036045031180467896,1.0,0.0,"{'mlp1_activation': 'relu', 'mlp1_alpha': np.float64(0.013060234469383406), 'mlp1_hidden_layers': (150, 150), 'mlp1_learning_rate': 'adaptive', 'mlp1_learning_rate_init': np.float64(0.012584482849098803), 'mlp1_max_iter': 449, 'mlp2_activation': 'logistic', 'mlp2_alpha': np.float64(0.03920372740572271), 'mlp2_hidden_layers': (75, 75, 75), 'mlp2_learning_rate': 'invscaling', 'mlp2_learning_rate_init': np.float64(0.07184359253081758), 'mlp2_max_iter': 145, 'mlp3_activation': 'logistic', 'mlp3_alpha': np.float64(0.045740932018782404), 'mlp3_hidden_layers': (50, 200), 'mlp3_learning_rate': 'adaptive', 'mlp3_learning_rate_init': np.float64(0.048186875865792164), 'mlp3_max_iter': 126}",relu,0.013060234469383406,"(150, 150)",adaptive,0.012584482849098803,449,logistic,0.03920372740572271,"(75, 75, 75)",invscaling,0.07184359253081758,145,logistic,0.045740932018782404,"(50, 200)",adaptive,0.048186875865792164,126
14,0,0.46384371578401423,0.06663844079626688,1.0,0.0,"{'mlp1_activation': 'logistic', 'mlp1_alpha': np.float64(0.01648399232553383), 'mlp1_hidden_layers': (50,), 'mlp1_learning_rate': 'adaptive', 'mlp1_learning_rate_init': np.float64(0.09618299301012283), 'mlp1_max_iter': 240, 'mlp2_activation': 'logistic', 'mlp2_alpha': np.float64(0.0500389380292821), 'mlp2_hidden_layers': (100, 150), 'mlp2_learning_rate': 'invscaling', 'mlp2_learning_rate_init': np.float64(0.04077123047047753), 'mlp2_max_iter': 302, 'mlp3_activation': 'logistic', 'mlp3_alpha': np.float64(0.01816152535023994), 'mlp3_hidden_layers': (50, 50, 50), 'mlp3_learning_rate': 'adaptive', 'mlp3_learning_rate_init': np.float64(0.04313663287580922), 'mlp3_max_iter': 252}",logistic,0.01648399232553383,"(50,)",adaptive,0.09618299301012283,240,logistic,0.0500389380292821,"(100, 150)",invscaling,0.04077123047047753,302,logistic,0.01816152535023994,"(50, 50, 50)",adaptive,0.04313663287580922,252
14,1,0.47890829756187403,0.04867984957632333,1.0,0.0,"{'mlp1_activation': 'tanh', 'mlp1_alpha': np.float64(0.0937254817947251), 'mlp1_hidden_layers': (150, 150), 'mlp1_learning_rate': 'adaptive', 'mlp1_learning_rate_init': np.float64(0.05288424902052297), 'mlp1_max_iter': 363, 'mlp2_activation': 'tanh', 'mlp2_alpha': np.float64(0.01972341606017415), 'mlp2_hidden_layers': (100, 150), 'mlp2_learning_rate': 'adaptive', 'mlp2_learning_rate_init': np.float64(0.01112958224902009), 'mlp2_max_iter': 337, 'mlp3_activation': 'tanh', 'mlp3_alpha': np.float64(0.021186786146915874), 'mlp3_hidden_layers': (25, 50, 25), 'mlp3_learning_rate': 'invscaling', 'mlp3_learning_rate_init': np.float64(0.03590646494325884), 'mlp3_max_iter': 155}",tanh,0.0937254817947251,"(150, 150)",adaptive,0.05288424902052297,363,tanh,0.01972341606017415,"(100, 150)",adaptive,0.01112958224902009,337,tanh,0.021186786146915874,"(25, 50, 25)",invscaling,0.03590646494325884,155
14,2,0.46789698174947797,0.04323443940713052,1.0,0.0,"{'mlp1_activation': 'logistic', 'mlp1_alpha': np.float64(0.08793819521268409), 'mlp1_hidden_layers': (25, 25), 'mlp1_learning_rate': 'constant', 'mlp1_learning_rate_init': np.float64(0.04247533150173054), 'mlp1_max_iter': 155, 'mlp2_activation': 'logistic', 'mlp2_alpha': np.float64(0.01704560321296428), 'mlp2_hidden_layers': (75,), 'mlp2_learning_rate': 'adaptive', 'mlp2_learning_rate_init': np.float64(0.09874832656696168), 'mlp2_max_iter': 157, 'mlp3_activation': 'logistic', 'mlp3_alpha': np.float64(0.09318574790015255), 'mlp3_hidden_layers': (50, 25, 25), 'mlp3_learning_rate': 'invscaling', 'mlp3_learning_rate_init': np.float64(0.02158685042057687), 'mlp3_max_iter': 275}",logistic,0.08793819521268409,"(25, 25)",constant,0.04247533150173054,155,logistic,0.01704560321296428,"(75,)",adaptive,0.09874832656696168,157,logistic,0.09318574790015255,"(50, 25, 25)",invscaling,0.02158685042057687,275
14,3,0.44305830411878466,0.06652251289184923,1.0,0.0,"{'mlp1_activation': 'logistic', 'mlp1_alpha': np.float64(0.03663394116510608), 'mlp1_hidden_layers': (100, 100), 'mlp1_learning_rate': 'adaptive', 'mlp1_learning_rate_init': np.float64(0.07698681042209557), 'mlp1_max_iter': 240, 'mlp2_activation': 'logistic', 'mlp2_alpha': np.float64(0.09174223467145833), 'mlp2_hidden_layers': (25, 25, 25), 'mlp2_learning_rate': 'constant', 'mlp2_learning_rate_init': np.float64(0.08857620062679188), 'mlp2_max_iter': 101, 'mlp3_activation': 'relu', 'mlp3_alpha': np.float64(0.0678667121123866), 'mlp3_hidden_layers': (75, 75, 75), 'mlp3_learning_rate': 'invscaling', 'mlp3_learning_rate_init': np.float64(0.011560472376749833), 'mlp3_max_iter': 389}",logistic,0.03663394116510608,"(100, 100)",adaptive,0.07698681042209557,240,logistic,0.09174223467145833,"(25, 25, 25)",constant,0.08857620062679188,101,relu,0.0678667121123866,"(75, 75, 75)",invscaling,0.011560472376749833,389
14,4,0.46445724845724845,0.0587676058067619,1.0,0.0,"{'mlp1_activation': 'relu', 'mlp1_alpha': np.float64(0.08645080812109719), 'mlp1_hidden_layers': (50, 100), 'mlp1_learning_rate': 'adaptive', 'mlp1_learning_rate_init': np.float64(0.029287248519459103), 'mlp1_max_iter': 341, 'mlp2_activation': 'relu', 'mlp2_alpha': np.float64(0.09829738736335596), 'mlp2_hidden_layers': (50, 25, 25), 'mlp2_learning_rate': 'adaptive', 'mlp2_learning_rate_init': np.float64(0.10594450251935637), 'mlp2_max_iter': 126, 'mlp3_activation': 'tanh', 'mlp3_alpha': np.float64(0.06435300218919666), 'mlp3_hidden_layers': (50, 50), 'mlp3_learning_rate': 'constant', 'mlp3_learning_rate_init': np.float64(0.09179519589136398), 'mlp3_max_iter': 337}",relu,0.08645080812109719,"(50, 100)",adaptive,0.029287248519459103,341,relu,0.09829738736335596,"(50, 25, 25)",adaptive,0.10594450251935637,126,tanh,0.06435300218919666,"(50, 50)",constant,0.09179519589136398,337
15,0,0.48585080659529734,0.06611786111205029,1.0,0.0,"{'mlp1_activation': 'relu', 'mlp1_alpha': np.float64(0.052940117952349625), 'mlp1_hidden_layers': (150, 25), 'mlp1_learning_rate': 'invscaling', 'mlp1_learning_rate_init': np.float64(0.05565147463130792), 'mlp1_max_iter': 463, 'mlp2_activation': 'logistic', 'mlp2_alpha': np.float64(0.048321434760028474), 'mlp2_hidden_layers': (50, 50), 'mlp2_learning_rate': 'invscaling', 'mlp2_learning_rate_init': np.float64(0.011598264458485366), 'mlp2_max_iter': 381, 'mlp3_activation': 'tanh', 'mlp3_alpha': np.float64(0.0517391209973195), 'mlp3_hidden_layers': (200, 50), 'mlp3_learning_rate': 'constant', 'mlp3_learning_rate_init': np.float64(0.048473765786729024), 'mlp3_max_iter': 434}",relu,0.052940117952349625,"(150, 25)",invscaling,0.05565147463130792,463,logistic,0.048321434760028474,"(50, 50)",invscaling,0.011598264458485366,381,tanh,0.0517391209973195,"(200, 50)",constant,0.048473765786729024,434
15,1,0.45811950253290934,0.051237128673641434,1.0,0.0,"{'mlp1_activation': 'relu', 'mlp1_alpha': np.float64(0.029175987254827333), 'mlp1_hidden_layers': (75, 75, 75), 'mlp1_learning_rate': 'adaptive', 'mlp1_learning_rate_init': np.float64(0.02994709895251016), 'mlp1_max_iter': 256, 'mlp2_activation': 'logistic', 'mlp2_alpha': np.float64(0.08145289571153311), 'mlp2_hidden_layers': (150, 25), 'mlp2_learning_rate': 'constant', 'mlp2_learning_rate_init': np.float64(0.06809377342925019), 'mlp2_max_iter': 123, 'mlp3_activation': 'tanh', 'mlp3_alpha': np.float64(0.07663050401698598), 'mlp3_hidden_layers': (100, 100, 50), 'mlp3_learning_rate': 'constant', 'mlp3_learning_rate_init': np.float64(0.10945714641318294), 'mlp3_max_iter': 175}",relu,0.029175987254827333,"(75, 75, 75)",adaptive,0.02994709895251016,256,logistic,0.08145289571153311,"(150, 25)",constant,0.06809377342925019,123,tanh,0.07663050401698598,"(100, 100, 50)",constant,0.10945714641318294,175
15,2,0.43881157972583446,0.02424105529630576,1.0,0.0,"{'mlp1_activation': 'relu', 'mlp1_alpha': np.float64(0.08634415384608927), 'mlp1_hidden_layers': (100, 25), 'mlp1_learning_rate': 'invscaling', 'mlp1_learning_rate_init': np.float64(0.05736163372153597), 'mlp1_max_iter': 156, 'mlp2_activation': 'logistic', 'mlp2_alpha': np.float64(0.062101934767807815), 'mlp2_hidden_layers': (150, 50), 'mlp2_learning_rate': 'invscaling', 'mlp2_learning_rate_init': np.float64(0.05568921750175314), 'mlp2_max_iter': 447, 'mlp3_activation': 'relu', 'mlp3_alpha': np.float64(0.10251852425620063), 'mlp3_hidden_layers': (50, 25, 25), 'mlp3_learning_rate': 'adaptive', 'mlp3_learning_rate_init': np.float64(0.08486419972575368), 'mlp3_max_iter': 130}",relu,0.08634415384608927,"(100, 25)",invscaling,0.05736163372153597,156,logistic,0.062101934767807815,"(150, 50)",invscaling,0.05568921750175314,447,relu,0.10251852425620063,"(50, 25, 25)",adaptive,0.08486419972575368,130
15,3,0.4729307137874913,0.06612540331868696,1.0,0.0,"{'mlp1_activation': 'logistic', 'mlp1_alpha': np.float64(0.07093489370229432), 'mlp1_hidden_layers': (25, 25, 50), 'mlp1_learning_rate': 'constant', 'mlp1_learning_rate_init': np.float64(0.02773746647652328), 'mlp1_max_iter': 198, 'mlp2_activation': 'relu', 'mlp2_alpha': np.float64(0.09295039488515494), 'mlp2_hidden_layers': (200, 100), 'mlp2_learning_rate': 'adaptive', 'mlp2_learning_rate_init': np.float64(0.10393018626521724), 'mlp2_max_iter': 232, 'mlp3_activation': 'relu', 'mlp3_alpha': np.float64(0.021533780647830684), 'mlp3_hidden_layers': (25, 50, 25), 'mlp3_learning_rate': 'constant', 'mlp3_learning_rate_init': np.float64(0.10022954426220522), 'mlp3_max_iter': 395}",logistic,0.07093489370229432,"(25, 25, 50)",constant,0.02773746647652328,198,relu,0.09295039488515494,"(200, 100)",adaptive,0.10393018626521724,232,relu,0.021533780647830684,"(25, 50, 25)",constant,0.10022954426220522,395
15,4,0.44816963868296267,0.08055717095720276,1.0,0.0,"{'mlp1_activation': 'relu', 'mlp1_alpha': np.float64(0.03385725744012357), 'mlp1_hidden_layers': (75, 50), 'mlp1_learning_rate': 'adaptive', 'mlp1_learning_rate_init': np.float64(0.0509465276280627), 'mlp1_max_iter': 150, 'mlp2_activation': 'relu', 'mlp2_alpha': np.float64(0.06672280394496999), 'mlp2_hidden_layers': (100, 100), 'mlp2_learning_rate': 'adaptive', 'mlp2_learning_rate_init': np.float64(0.10801997625753484), 'mlp2_max_iter': 272, 'mlp3_activation': 'logistic', 'mlp3_alpha': np.float64(0.08721326106609947), 'mlp3_hidden_layers': (75, 75, 75), 'mlp3_learning_rate': 'constant', 'mlp3_learning_rate_init': np.float64(0.08233571041295326), 'mlp3_max_iter': 475}",relu,0.03385725744012357,"(75, 50)",adaptive,0.0509465276280627,150,relu,0.06672280394496999,"(100, 100)",adaptive,0.10801997625753484,272,logistic,0.08721326106609947,"(75, 75, 75)",constant,0.08233571041295326,475
16,0,0.4751713675136,0.05028946946357775,1.0,0.0,"{'mlp1_activation': 'logistic', 'mlp1_alpha': np.float64(0.03416597785214976), 'mlp1_hidden_layers': (25, 200), 'mlp1_learning_rate': 'constant', 'mlp1_learning_rate_init': np.float64(0.05464048835290521), 'mlp1_max_iter': 492, 'mlp2_activation': 'tanh', 'mlp2_alpha': np.float64(0.060923805328348006), 'mlp2_hidden_layers': (25, 50, 25), 'mlp2_learning_rate': 'adaptive', 'mlp2_learning_rate_init': np.float64(0.07100622751273282), 'mlp2_max_iter': 497, 'mlp3_activation': 'logistic', 'mlp3_alpha': np.float64(0.0802299805386503), 'mlp3_hidden_layers': (75, 75, 75), 'mlp3_learning_rate': 'invscaling', 'mlp3_learning_rate_init': np.float64(0.035200790290843234), 'mlp3_max_iter': 212}",logistic,0.03416597785214976,"(25, 200)",constant,0.05464048835290521,492,tanh,0.060923805328348006,"(25, 50, 25)",adaptive,0.07100622751273282,497,logistic,0.0802299805386503,"(75, 75, 75)",invscaling,0.035200790290843234,212
16,1,0.4402112492807483,0.013584058572512303,1.0,0.0,"{'mlp1_activation': 'tanh', 'mlp1_alpha': np.float64(0.08875296079245988), 'mlp1_hidden_layers': (25, 25, 25), 'mlp1_learning_rate': 'constant', 'mlp1_learning_rate_init': np.float64(0.04208676376533868), 'mlp1_max_iter': 438, 'mlp2_activation': 'relu', 'mlp2_alpha': np.float64(0.06597437476290227), 'mlp2_hidden_layers': (200, 100), 'mlp2_learning_rate': 'adaptive', 'mlp2_learning_rate_init': np.float64(0.06871866319704079), 'mlp2_max_iter': 433, 'mlp3_activation': 'tanh', 'mlp3_alpha': np.float64(0.018651418238614596), 'mlp3_hidden_layers': (25, 25, 50), 'mlp3_learning_rate': 'adaptive', 'mlp3_learning_rate_init': np.float64(0.10448411812059277), 'mlp3_max_iter': 449}",tanh,0.08875296079245988,"(25, 25, 25)",constant,0.04208676376533868,438,relu,0.06597437476290227,"(200, 100)",adaptive,0.06871866319704079,433,tanh,0.018651418238614596,"(25, 25, 50)",adaptive,0.10448411812059277,449
16,2,0.47054198621418364,0.04160821821132587,1.0,0.0,"{'mlp1_activation': 'tanh', 'mlp1_alpha': np.float64(0.05082027075397915), 'mlp1_hidden_layers': (200, 100), 'mlp1_learning_rate': 'invscaling', 'mlp1_learning_rate_init': np.float64(0.04819489023807076), 'mlp1_max_iter': 378, 'mlp2_activation': 'logistic', 'mlp2_alpha': np.float64(0.08016368819906827), 'mlp2_hidden_layers': (150, 50), 'mlp2_learning_rate': 'adaptive', 'mlp2_learning_rate_init': np.float64(0.07130893101561243), 'mlp2_max_iter': 238, 'mlp3_activation': 'relu', 'mlp3_alpha': np.float64(0.07025231221813953), 'mlp3_hidden_layers': (50, 50, 50), 'mlp3_learning_rate': 'constant', 'mlp3_learning_rate_init': np.float64(0.10345929736233975), 'mlp3_max_iter': 438}",tanh,0.05082027075397915,"(200, 100)",invscaling,0.04819489023807076,378,logistic,0.08016368819906827,"(150, 50)",adaptive,0.07130893101561243,238,relu,0.07025231221813953,"(50, 50, 50)",constant,0.10345929736233975,438
16,3,0.4775474177348727,0.06738506828335344,1.0,0.0,"{'mlp1_activation': 'tanh', 'mlp1_alpha': np.float64(0.0880636784783478), 'mlp1_hidden_layers': (100, 100, 50), 'mlp1_learning_rate': 'adaptive', 'mlp1_learning_rate_init': np.float64(0.015691196568378633), 'mlp1_max_iter': 328, 'mlp2_activation': 'logistic', 'mlp2_alpha': np.float64(0.011607324121877918), 'mlp2_hidden_layers': (150, 25), 'mlp2_learning_rate': 'invscaling', 'mlp2_learning_rate_init': np.float64(0.03412132969777289), 'mlp2_max_iter': 242, 'mlp3_activation': 'tanh', 'mlp3_alpha': np.float64(0.06404718301065765), 'mlp3_hidden_layers': (75, 75, 75), 'mlp3_learning_rate': 'constant', 'mlp3_learning_rate_init': np.float64(0.05781476964391205), 'mlp3_max_iter': 202}",tanh,0.0880636784783478,"(100, 100, 50)",adaptive,0.015691196568378633,328,logistic,0.011607324121877918,"(150, 25)",invscaling,0.03412132969777289,242,tanh,0.06404718301065765,"(75, 75, 75)",constant,0.05781476964391205,202
16,4,0.465147484242037,0.061567402588869995,1.0,0.0,"{'mlp1_activation': 'tanh', 'mlp1_alpha': np.float64(0.07762593826465343), 'mlp1_hidden_layers': (25, 50, 25), 'mlp1_learning_rate': 'adaptive', 'mlp1_learning_rate_init': np.float64(0.08795718393420932), 'mlp1_max_iter': 453, 'mlp2_activation': 'logistic', 'mlp2_alpha': np.float64(0.05758662835614961), 'mlp2_hidden_layers': (100, 150), 'mlp2_learning_rate': 'constant', 'mlp2_learning_rate_init': np.float64(0.02615161985098549), 'mlp2_max_iter': 236, 'mlp3_activation': 'tanh', 'mlp3_alpha': np.float64(0.07586200018507823), 'mlp3_hidden_layers': (100, 75, 50), 'mlp3_learning_rate': 'invscaling', 'mlp3_learning_rate_init': np.float64(0.08485622758107365), 'mlp3_max_iter': 149}",tanh,0.07762593826465343,"(25, 50, 25)",adaptive,0.08795718393420932,453,logistic,0.05758662835614961,"(100, 150)",constant,0.02615161985098549,236,tanh,0.07586200018507823,"(100, 75, 50)",invscaling,0.08485622758107365,149
17,0,0.442678170472108,0.08895903873522473,1.0,0.0,"{'mlp1_activation': 'relu', 'mlp1_alpha': np.float64(0.03570697087821279), 'mlp1_hidden_layers': (100,), 'mlp1_learning_rate': 'adaptive', 'mlp1_learning_rate_init': np.float64(0.07035297031776044), 'mlp1_max_iter': 441, 'mlp2_activation': 'relu', 'mlp2_alpha': np.float64(0.0244937248924944), 'mlp2_hidden_layers': (100, 50), 'mlp2_learning_rate': 'adaptive', 'mlp2_learning_rate_init': np.float64(0.06759920525557686), 'mlp2_max_iter': 473, 'mlp3_activation': 'relu', 'mlp3_alpha': np.float64(0.07649550834060256), 'mlp3_hidden_layers': (150, 25), 'mlp3_learning_rate': 'adaptive', 'mlp3_learning_rate_init': np.float64(0.026996241338394504), 'mlp3_max_iter': 324}",relu,0.03570697087821279,"(100,)",adaptive,0.07035297031776044,441,relu,0.0244937248924944,"(100, 50)",adaptive,0.06759920525557686,473,relu,0.07649550834060256,"(150, 25)",adaptive,0.026996241338394504,324
17,1,0.4538770700502914,0.05896959687760485,1.0,0.0,"{'mlp1_activation': 'tanh', 'mlp1_alpha': np.float64(0.03192576911175446), 'mlp1_hidden_layers': (50, 25), 'mlp1_learning_rate': 'constant', 'mlp1_learning_rate_init': np.float64(0.013878761918918662), 'mlp1_max_iter': 368, 'mlp2_activation': 'relu', 'mlp2_alpha': np.float64(0.10124514881042132), 'mlp2_hidden_layers': (100, 100), 'mlp2_learning_rate': 'constant', 'mlp2_learning_rate_init': np.float64(0.0915557111652031), 'mlp2_max_iter': 488, 'mlp3_activation': 'relu', 'mlp3_alpha': np.float64(0.0379527363283457), 'mlp3_hidden_layers': (200, 100), 'mlp3_learning_rate': 'adaptive', 'mlp3_learning_rate_init': np.float64(0.07631156580115828), 'mlp3_max_iter': 289}",tanh,0.03192576911175446,"(50, 25)",constant,0.013878761918918662,368,relu,0.10124514881042132,"(100, 100)",constant,0.0915557111652031,488,relu,0.0379527363283457,"(200, 100)",adaptive,0.07631156580115828,289
17,2,0.48365746513429375,0.05601381550246044,1.0,0.0,"{'mlp1_activation': 'tanh', 'mlp1_alpha': np.float64(0.038473510566309224), 'mlp1_hidden_layers': (200, 50), 'mlp1_learning_rate': 'constant', 'mlp1_learning_rate_init': np.float64(0.08163156982508872), 'mlp1_max_iter': 122, 'mlp2_activation': 'relu', 'mlp2_alpha': np.float64(0.026103399164538403), 'mlp2_hidden_layers': (100, 50, 25), 'mlp2_learning_rate': 'constant', 'mlp2_learning_rate_init': np.float64(0.10695904144643373), 'mlp2_max_iter': 256, 'mlp3_activation': 'relu', 'mlp3_alpha': np.float64(0.10984049019621492), 'mlp3_hidden_layers': (75,), 'mlp3_learning_rate': 'invscaling', 'mlp3_learning_rate_init': np.float64(0.06950037944468702), 'mlp3_max_iter': 239}",tanh,0.038473510566309224,"(200, 50)",constant,0.08163156982508872,122,relu,0.026103399164538403,"(100, 50, 25)",constant,0.10695904144643373,256,relu,0.10984049019621492,"(75,)",invscaling,0.06950037944468702,239
17,3,0.4716313771098671,0.02563464536215309,1.0,0.0,"{'mlp1_activation': 'tanh', 'mlp1_alpha': np.float64(0.10528345681653599), 'mlp1_hidden_layers': (50, 100, 50), 'mlp1_learning_rate': 'adaptive', 'mlp1_learning_rate_init': np.float64(0.10983625783756962), 'mlp1_max_iter': 197, 'mlp2_activation': 'relu', 'mlp2_alpha': np.float64(0.0661157932616201), 'mlp2_hidden_layers': (100, 50, 25), 'mlp2_learning_rate': 'adaptive', 'mlp2_learning_rate_init': np.float64(0.0202709277367972), 'mlp2_max_iter': 407, 'mlp3_activation': 'logistic', 'mlp3_alpha': np.float64(0.026535019847133856), 'mlp3_hidden_layers': (100, 50), 'mlp3_learning_rate': 'constant', 'mlp3_learning_rate_init': np.float64(0.0214557579646294), 'mlp3_max_iter': 268}",tanh,0.10528345681653599,"(50, 100, 50)",adaptive,0.10983625783756962,197,relu,0.0661157932616201,"(100, 50, 25)",adaptive,0.0202709277367972,407,logistic,0.026535019847133856,"(100, 50)",constant,0.0214557579646294,268
17,4,0.443749992692238,0.022776101235579667,1.0,0.0,"{'mlp1_activation': 'tanh', 'mlp1_alpha': np.float64(0.046551940289710554), 'mlp1_hidden_layers': (75, 75, 75), 'mlp1_learning_rate': 'adaptive', 'mlp1_learning_rate_init': np.float64(0.09412453348763468), 'mlp1_max_iter': 127, 'mlp2_activation': 'logistic', 'mlp2_alpha': np.float64(0.08069178553920413), 'mlp2_hidden_layers': (25, 25), 'mlp2_learning_rate': 'adaptive', 'mlp2_learning_rate_init': np.float64(0.018625863053972073), 'mlp2_max_iter': 225, 'mlp3_activation': 'logistic', 'mlp3_alpha': np.float64(0.016225199015823956), 'mlp3_hidden_layers': (150, 25), 'mlp3_learning_rate': 'constant', 'mlp3_learning_rate_init': np.float64(0.03349140037004115), 'mlp3_max_iter': 206}",tanh,0.046551940289710554,"(75, 75, 75)",adaptive,0.09412453348763468,127,logistic,0.08069178553920413,"(25, 25)",adaptive,0.018625863053972073,225,logistic,0.016225199015823956,"(150, 25)",constant,0.03349140037004115,206
18,0,0.4425392474002595,0.08015098617481456,1.0,0.0,"{'mlp1_activation': 'relu', 'mlp1_alpha': np.float64(0.02003804500624086), 'mlp1_hidden_layers': (150,), 'mlp1_learning_rate': 'invscaling', 'mlp1_learning_rate_init': np.float64(0.09124062454064326), 'mlp1_max_iter': 200, 'mlp2_activation': 'logistic', 'mlp2_alpha': np.float64(0.048184006539383005), 'mlp2_hidden_layers': (100, 150), 'mlp2_learning_rate': 'constant', 'mlp2_learning_rate_init': np.float64(0.014514494638120814), 'mlp2_max_iter': 259, 'mlp3_activation': 'relu', 'mlp3_alpha': np.float64(0.05730405167214766), 'mlp3_hidden_layers': (100, 150), 'mlp3_learning_rate': 'constant', 'mlp3_learning_rate_init': np.float64(0.07695840336009252), 'mlp3_max_iter': 499}",relu,0.02003804500624086,"(150,)",invscaling,0.09124062454064326,200,logistic,0.048184006539383005,"(100, 150)",constant,0.014514494638120814,259,relu,0.05730405167214766,"(100, 150)",constant,0.07695840336009252,499
18,1,0.4444995255231386,0.07549537282829072,1.0,0.0,"{'mlp1_activation': 'relu', 'mlp1_alpha': np.float64(0.05062519359899052), 'mlp1_hidden_layers': (50, 25, 25), 'mlp1_learning_rate': 'constant', 'mlp1_learning_rate_init': np.float64(0.06968714387973463), 'mlp1_max_iter': 100, 'mlp2_activation': 'relu', 'mlp2_alpha': np.float64(0.025301187165599953), 'mlp2_hidden_layers': (50, 25), 'mlp2_learning_rate': 'invscaling', 'mlp2_learning_rate_init': np.float64(0.08558065381349664), 'mlp2_max_iter': 232, 'mlp3_activation': 'relu', 'mlp3_alpha': np.float64(0.1059745836772911), 'mlp3_hidden_layers': (100, 150), 'mlp3_learning_rate': 'constant', 'mlp3_learning_rate_init': np.float64(0.0894895588188811), 'mlp3_max_iter': 402}",relu,0.05062519359899052,"(50, 25, 25)",constant,0.06968714387973463,100,relu,0.025301187165599953,"(50, 25)",invscaling,0.08558065381349664,232,relu,0.1059745836772911,"(100, 150)",constant,0.0894895588188811,402
18,2,0.47547421603687584,0.05503135652619888,1.0,0.0,"{'mlp1_activation': 'tanh', 'mlp1_alpha': np.float64(0.03211490975415158), 'mlp1_hidden_layers': (150, 75), 'mlp1_learning_rate': 'adaptive', 'mlp1_learning_rate_init': np.float64(0.06843038849308522), 'mlp1_max_iter': 191, 'mlp2_activation': 'relu', 'mlp2_alpha': np.float64(0.084942394843501), 'mlp2_hidden_layers': (100, 50, 25), 'mlp2_learning_rate': 'adaptive', 'mlp2_learning_rate_init': np.float64(0.10224436807856856), 'mlp2_max_iter': 298, 'mlp3_activation': 'tanh', 'mlp3_alpha': np.float64(0.08971000937949045), 'mlp3_hidden_layers': (25,), 'mlp3_learning_rate': 'invscaling', 'mlp3_learning_rate_init': np.float64(0.043226049154333895), 'mlp3_max_iter': 427}",tanh,0.03211490975415158,"(150, 75)",adaptive,0.06843038849308522,191,relu,0.084942394843501,"(100, 50, 25)",adaptive,0.10224436807856856,298,tanh,0.08971000937949045,"(25,)",invscaling,0.043226049154333895,427
18,3,0.47403909229878743,0.056821491289308274,1.0,0.0,"{'mlp1_activation': 'tanh', 'mlp1_alpha': np.float64(0.053803493101028894), 'mlp1_hidden_layers': (50, 100, 50), 'mlp1_learning_rate': 'adaptive', 'mlp1_learning_rate_init': np.float64(0.10923127613988581), 'mlp1_max_iter': 127, 'mlp2_activation': 'relu', 'mlp2_alpha': np.float64(0.07624773390487885), 'mlp2_hidden_layers': (25, 25, 50), 'mlp2_learning_rate': 'invscaling', 'mlp2_learning_rate_init': np.float64(0.08566638817925547), 'mlp2_max_iter': 373, 'mlp3_activation': 'tanh', 'mlp3_alpha': np.float64(0.05061312845521861), 'mlp3_hidden_layers': (150, 75), 'mlp3_learning_rate': 'adaptive', 'mlp3_learning_rate_init': np.float64(0.0275574499157678), 'mlp3_max_iter': 129}",tanh,0.053803493101028894,"(50, 100, 50)",adaptive,0.10923127613988581,127,relu,0.07624773390487885,"(25, 25, 50)",invscaling,0.08566638817925547,373,tanh,0.05061312845521861,"(150, 75)",adaptive,0.0275574499157678,129
18,4,0.44415032679738553,0.05932483100518522,1.0,0.0,"{'mlp1_activation': 'tanh', 'mlp1_alpha': np.float64(0.03902185413949073), 'mlp1_hidden_layers': (25, 200), 'mlp1_learning_rate': 'constant', 'mlp1_learning_rate_init': np.float64(0.08274436287466902), 'mlp1_max_iter': 367, 'mlp2_activation': 'tanh', 'mlp2_alpha': np.float64(0.0353474099359141), 'mlp2_hidden_layers': (50, 25), 'mlp2_learning_rate': 'adaptive', 'mlp2_learning_rate_init': np.float64(0.020819909383270843), 'mlp2_max_iter': 341, 'mlp3_activation': 'tanh', 'mlp3_alpha': np.float64(0.029961675041365647), 'mlp3_hidden_layers': (100, 50, 25), 'mlp3_learning_rate': 'invscaling', 'mlp3_learning_rate_init': np.float64(0.042614672294546456), 'mlp3_max_iter': 274}",tanh,0.03902185413949073,"(25, 200)",constant,0.08274436287466902,367,tanh,0.0353474099359141,"(50, 25)",adaptive,0.020819909383270843,341,tanh,0.029961675041365647,"(100, 50, 25)",invscaling,0.042614672294546456,274
19,0,0.4771080368906455,0.06781933137123816,1.0,0.0,"{'mlp1_activation': 'logistic', 'mlp1_alpha': np.float64(0.07595347122766974), 'mlp1_hidden_layers': (100, 100), 'mlp1_learning_rate': 'constant', 'mlp1_learning_rate_init': np.float64(0.06526845458365571), 'mlp1_max_iter': 214, 'mlp2_activation': 'logistic', 'mlp2_alpha': np.float64(0.05033239332674658), 'mlp2_hidden_layers': (75, 50), 'mlp2_learning_rate': 'adaptive', 'mlp2_learning_rate_init': np.float64(0.05751308589749204), 'mlp2_max_iter': 331, 'mlp3_activation': 'logistic', 'mlp3_alpha': np.float64(0.0443197006211942), 'mlp3_hidden_layers': (25,), 'mlp3_learning_rate': 'constant', 'mlp3_learning_rate_init': np.float64(0.09896725430211527), 'mlp3_max_iter': 208}",logistic,0.07595347122766974,"(100, 100)",constant,0.06526845458365571,214,logistic,0.05033239332674658,"(75, 50)",adaptive,0.05751308589749204,331,logistic,0.0443197006211942,"(25,)",constant,0.09896725430211527,208
19,1,0.4782028299222375,0.07784795879870166,1.0,0.0,"{'mlp1_activation': 'relu', 'mlp1_alpha': np.float64(0.09736237061979296), 'mlp1_hidden_layers': (150,), 'mlp1_learning_rate': 'invscaling', 'mlp1_learning_rate_init': np.float64(0.07779594405773631), 'mlp1_max_iter': 234, 'mlp2_activation': 'logistic', 'mlp2_alpha': np.float64(0.036132680628077965), 'mlp2_hidden_layers': (150, 150), 'mlp2_learning_rate': 'adaptive', 'mlp2_learning_rate_init': np.float64(0.09456112386946434), 'mlp2_max_iter': 192, 'mlp3_activation': 'tanh', 'mlp3_alpha': np.float64(0.011807178109974073), 'mlp3_hidden_layers': (50, 25), 'mlp3_learning_rate': 'adaptive', 'mlp3_learning_rate_init': np.float64(0.027085412651225875), 'mlp3_max_iter': 348}",relu,0.09736237061979296,"(150,)",invscaling,0.07779594405773631,234,logistic,0.036132680628077965,"(150, 150)",adaptive,0.09456112386946434,192,tanh,0.011807178109974073,"(50, 25)",adaptive,0.027085412651225875,348
19,2,0.45751008784950137,0.05262312021672585,1.0,0.0,"{'mlp1_activation': 'logistic', 'mlp1_alpha': np.float64(0.02879342166110585), 'mlp1_hidden_layers': (100, 100, 50), 'mlp1_learning_rate': 'adaptive', 'mlp1_learning_rate_init': np.float64(0.08822402164991003), 'mlp1_max_iter': 116, 'mlp2_activation': 'relu', 'mlp2_alpha': np.float64(0.04952047200756042), 'mlp2_hidden_layers': (100, 25), 'mlp2_learning_rate': 'adaptive', 'mlp2_learning_rate_init': np.float64(0.07559681782192043), 'mlp2_max_iter': 199, 'mlp3_activation': 'relu', 'mlp3_alpha': np.float64(0.028161377759221076), 'mlp3_hidden_layers': (50, 50), 'mlp3_learning_rate': 'constant', 'mlp3_learning_rate_init': np.float64(0.022123291233340704), 'mlp3_max_iter': 207}",logistic,0.02879342166110585,"(100, 100, 50)",adaptive,0.08822402164991003,116,relu,0.04952047200756042,"(100, 25)",adaptive,0.07559681782192043,199,relu,0.028161377759221076,"(50, 50)",constant,0.022123291233340704,207
19,3,0.44338473463733213,0.04835671460796544,1.0,0.0,"{'mlp1_activation': 'tanh', 'mlp1_alpha': np.float64(0.03347318517070305), 'mlp1_hidden_layers': (50, 25), 'mlp1_learning_rate': 'constant', 'mlp1_learning_rate_init': np.float64(0.03249429124840654), 'mlp1_max_iter': 465, 'mlp2_activation': 'relu', 'mlp2_alpha': np.float64(0.02767528363993893), 'mlp2_hidden_layers': (75,), 'mlp2_learning_rate': 'invscaling', 'mlp2_learning_rate_init': np.float64(0.042679596828305494), 'mlp2_max_iter': 477, 'mlp3_activation': 'tanh', 'mlp3_alpha': np.float64(0.02359953325592127), 'mlp3_hidden_layers': (75,), 'mlp3_learning_rate': 'constant', 'mlp3_learning_rate_init': np.float64(0.05149038550621315), 'mlp3_max_iter': 166}",tanh,0.03347318517070305,"(50, 25)",constant,0.03249429124840654,465,relu,0.02767528363993893,"(75,)",invscaling,0.042679596828305494,477,tanh,0.02359953325592127,"(75,)",constant,0.05149038550621315,166
19,4,0.4945288404269941,0.0639541706271966,1.0,0.0,"{'mlp1_activation': 'tanh', 'mlp1_alpha': np.float64(0.1024939110931281), 'mlp1_hidden_layers': (200, 50), 'mlp1_learning_rate': 'invscaling', 'mlp1_learning_rate_init': np.float64(0.03039366857745615), 'mlp1_max_iter': 166, 'mlp2_activation': 'logistic', 'mlp2_alpha': np.float64(0.08148511971379982), 'mlp2_hidden_layers': (25, 50, 25), 'mlp2_learning_rate': 'adaptive', 'mlp2_learning_rate_init': np.float64(0.04211476006104746), 'mlp2_max_iter': 137, 'mlp3_activation': 'relu', 'mlp3_alpha': np.float64(0.10209671457109153), 'mlp3_hidden_layers': (75, 75, 75), 'mlp3_learning_rate': 'invscaling', 'mlp3_learning_rate_init': np.float64(0.0988773063902215), 'mlp3_max_iter': 457}",tanh,0.1024939110931281,"(200, 50)",invscaling,0.03039366857745615,166,logistic,0.08148511971379982,"(25, 50, 25)",adaptive,0.04211476006104746,137,relu,0.10209671457109153,"(75, 75, 75)",invscaling,0.0988773063902215,457
